;tweet;retweet;favoritos;id;data
0;Confira a trajetória política do Ex-Presidente Itamar Franco: http://t.co/zGAGYpJ Ass de Comunicação;11;6;99496494398308354;2011-08-05 15:06:27
1;Em nome do Senador Itamar Franco, agradecemos todas as mensagens carinhosas que estão sendo postadas aqui no twitter. Ass de Comunicação.;51;18;85779580195061760;2011-06-28 18:40:20
2;RT @jfeitoza: O nosso Presidente @itamarfranco completa hoje 81 anos. Parabéns !!!;5;0;85778142454747137;2011-06-28 18:34:37
3;RT @ciceroalbertomf: Parabéns a @itamarfranco pela passagem de seu aniversário de 81 anos.;3;0;85778089933680640;2011-06-28 18:34:24
4;RT @DonJocivan: Parabéns ao @ItamarFranco pelo o aniversário de 81 anos!;3;0;85778002704732160;2011-06-28 18:34:04
5;RT @DORLIGB: @itamarfranco que Deus o ilumine sempre. Feliz aniversário, muita paz, saúde, felididade, são os meus sinceros votos. DORLI ...;2;0;85777445671800833;2011-06-28 18:31:51
6;RT @janainaSveloso: @itamarfranco Parabéns e muita saúde !! Que Deus te abençoe!! O Brasil e o mundo precisam de homens como o senhor!! Abs;4;0;85777327954468864;2011-06-28 18:31:23
7;RT @GustavoNegreiro: Parabéns presidente @itamarfranco pelos 81 anos. Desejo também pronta recuperação.;2;0;85777272962949121;2011-06-28 18:31:10
8;RT @andreborgesouza: Hoje o Senador @itamarfranco completa 81 anos. Que Deus lhe dê força para continuar sua caminhada no Senado, em pro ...;4;0;85777193808044032;2011-06-28 18:30:51
9;RT @Rodolfoaug7: Parabéns senador @itamarfranco. Que Deus o abençoe. Rápida recuperação.;3;0;85777066108260353;2011-06-28 18:30:20
10;RT @DRREUBER: @itamarfranco Parabéns! Feliz Aniversário!;2;0;85777024756625409;2011-06-28 18:30:11
11;RT @mpbadaro: @itamarfranco parabens senador, saude nesta hora ruim que atravessa. Deus te ilumine.;2;0;85776976601812992;2011-06-28 18:29:59
12;RT @ViniciusBruno: Força e saúde ao senador e ex-presidente da República @ItamarFranco, que hoje completa 81 anos!!!;2;0;85776932549046272;2011-06-28 18:29:49
13;RT @cesarhalum: Pelo aniversário, votos de força e saúde ao meu amigo de partido Senador @itamarfranco . Um politico comprometido com as ...;3;0;85776892489252864;2011-06-28 18:29:39
14;RT @MatheusLeone45: Meus Parabéns ao querido líder @itamarfranco q faz muita falta no Senado. Que ele se recupere o mais rápido possível.;3;0;85776199745404928;2011-06-28 18:26:54
15;RT @_soares07: muitas felicidades @itamarfranco ,parabéns td de melhor.!;2;0;85776150747549696;2011-06-28 18:26:42
16;RT @Gustavopaul_: Feliz Aniversário,presidente @itamarfranco. Fique bom logo!;2;0;85776110708736002;2011-06-28 18:26:33
17;RT @pp4d_agencia: Parabéns especial para o senador @itamarfranco Estamos torcendo pela sua recuperação! Desejamos muita saúde! Feliz Ani ...;3;0;85776064630099968;2011-06-28 18:26:22
18;RT @lopes_cancado: hoje é aniversario do ESTADISTA @ItamarFranco, 81 de luta e trabalho em prol do povo Mineiro e Brasileiro, e ainda te ...;4;0;85726422576009217;2011-06-28 15:09:06
19;RT @profmodesto: @itamarfranco Parabéns! Que esses 81 anos sejam sempre lembrados na História deste país! E que venham muitos outros!;2;0;85726377717932033;2011-06-28 15:08:55
20;RT @PSDBMulher45DF: Parabéns @itamarfranco ! Esse foi O cara que acreditou que poderíamos mudar os rumos da economia brasileira. #topete;5;0;85726342456418304;2011-06-28 15:08:47
21;RT @PabloValente11: Parabéns @itamarfranco c/  2 anos de mandato criou a bendita herança do governo PT, o plano real. Eles não falam, ma ...;4;0;85726300131688448;2011-06-28 15:08:37
22;RT @GEVALDOJR: bom DIA A TODOS! QUE DEUS FORTALEÇA ESSE GRANDE GUERREIRO @itamarfranco;2;0;85726238496391168;2011-06-28 15:08:22
23;RT @LilianGlauce: @itamarfranco F.E.L.I.Z....A.N.I.V.E.R.S.Á.R.I.O..!!!!!;4;0;85726196284915712;2011-06-28 15:08:12
24;RT @amenilson_: @itamarfranco parabens presidente Itamar.. o senhor deu inicio a mudança economica do BR.;4;0;85726162164256769;2011-06-28 15:08:04
25;RT @Therezasenra: @itamarfranco Parabéns pelos 81 anos e que Deus te proteja nessa luta. Muita força.;3;0;85725829467877377;2011-06-28 15:06:45
26;RT @RCarvalho__: Parabéns ao senador @itamarfranco que hoje está completando 81 anos de vida e dedicação ao povo brasileiro. Nos orgulha ...;3;0;85723313304895488;2011-06-28 14:56:45
27;RT @Uaiseilah: @itamarfranco Parabéns presidente Itamar Franco, mudou o Brasil c/ apenas 2 anos de mandato, fortaleceu a democracia e cr ...;4;0;85723043741188098;2011-06-28 14:55:40
28;RT @brunosiqueiramg: @itamarfranco completa 81 anos. Desejo como em todos os anos muita saude para que ele possa continuar representando ...;2;0;85722883485204480;2011-06-28 14:55:02
29;RT @JosyJardim80: @itamarfranco Parabéns ao nosso Senador pelos seus 81 anos, que Deus o abençoe e que logo vc se recupera.;3;0;85716938789109761;2011-06-28 14:31:25
30;RT @henrique_vale: Parabéns ao grande Senador e ex-presidente @itamarfranco !;4;0;85716740100722688;2011-06-28 14:30:38
31;RT @FR_Brandao: Aniversário hoje de 81 anos do @itamarfranco. Parabéns a ele, e que se recupere da pneumonia, merece e muito.;2;0;85716712816779264;2011-06-28 14:30:31
32;RT @clausiano: @itamarfranco Parabéns!!! força nesta luta, Deus esta com vc!!;3;0;85716579735711744;2011-06-28 14:29:59
33;RT @ediph: @itamarfranco Parabens pelos seus 81 anos;3;0;85716528913334272;2011-06-28 14:29:47
34;RT @FJVQUEIROZ: Não tem como eu não desejar felicitações e saúde a um dos homens mais inteligentes que já vi. Parabéns @itamarfranco;1;0;85711333189881857;2011-06-28 14:09:08
35;RT @DanSouza1988: Hoje é aniversário do ex-presidente @itamarfranco. Ele completa 81 anos. Desejo felicidades e que se restabeleça rapid ...;2;0;85711294598090752;2011-06-28 14:08:59
36;RT @R_Saboya: @itamarfranco Senador, desejo mais saúde, força e que se recupere o mais rápido possível. Parabéns pelos 81 anos!! Sua vit ...;1;0;85711238713180160;2011-06-28 14:08:46
37;RT @jhonnypa: Parabéns a esse grande brasileiro @itamarfranco !!! Forças, que Deus o abençoe e possa superar esse momento delicado.;1;0;85711176868175873;2011-06-28 14:08:31
38;RT @nidialysney: Parabéns ao @itamarfranco, que Deus o guarde e abençoe!;1;0;85710659316219904;2011-06-28 14:06:28
39;RT @JairEstevaoII: Torcendo muito pela melhora do Presidente @itamarfranco. Que além desse 81º aniversário, venham muitos outros!!;3;0;85706743123943425;2011-06-28 13:50:54
40;RT @gabrielazevedo: Feliz Aniversário, Senador @itamarfranco! Parabéns pelos seus 81 anos de vida neste 28 de junho de 2011! Força!;4;0;85706691718553601;2011-06-28 13:50:42
41;RT @osvaldoacastro: Felicitações pelos 81 anos do Senador @itamarfranco! Espero que possa sair dessa vigoroso e combativo, pois a políti ...;3;0;85706627084328961;2011-06-28 13:50:26
42;@Barenna Que beleza de fusca, hein!!;3;1;83270176874840064;2011-06-21 20:28:51
43;@AdrianaOGlobo obrigado, Adriana, pela sua carinhosa mensagem! IF;0;0;83269794874408960;2011-06-21 20:27:20
44;@dimariano fico comovido com a sua mensagem!;0;0;83269360994623488;2011-06-21 20:25:37
45;@Medeirox obrigado pela mensagem afetuosa! IF;1;0;83268828309626881;2011-06-21 20:23:30
46;RT @AdrianaOGlobo: @itamarfranco Bom sabe que o senhor já está voltando à ativa no Twitter... Um abraço!;2;0;83265851289112576;2011-06-21 20:11:40
47;@joaopaulom obrigado! Você sempre muito amigável para comigo. O meu abraço fraterno!;0;0;83265634217111552;2011-06-21 20:10:48
48;@Dav1dnascimento como já disse antes, também gosto de twittar!;0;0;83262425251594241;2011-06-21 19:58:03
49;Agradeço todas as mensagens carinhosas que recebi dos #ConcursadosBACEN. Obrigado! IF;2;0;83261454681255938;2011-06-21 19:54:12
50;RT @sergiaugusto: @itamarfranco Vossa Excelência faz falta no Senado. Melhoras e Muita saúde !!!;2;0;77859604301754369;2011-06-06 22:09:10
51;RT @Junqueira_neto: @Itamarfranco Grande abraço do Sul de Minas - Minduri , Minas precisa do senhor desejamos melhoras.;1;0;77859552141393920;2011-06-06 22:08:58
52;RT @apjunqueira: Senador @itamarfranco receba o abraço de Uberlândia, que Deus o abençoe!;1;0;77859494872363008;2011-06-06 22:08:44
53;RT @silvianetto: @itamarfranco Boa noite! Que Deus o abençoe. Conte com nosso apoio! Forte abraço;3;0;77389284323241984;2011-06-05 15:00:17
54;RT @DanSouza1988: @itamarfranco Que se recupere o mais rápido possível! Precisamos de gente de caráter no Senado, a oposição precisa do sr.!;2;0;76700463571013632;2011-06-03 17:23:10
55;RT @Michele_Robson: @itamarfranco Esperamos que melhore logo. Superar desafios e fazer a diferença é parte da sua história. Força!;2;0;76667876056121344;2011-06-03 15:13:40
56;Registro aqui a minha emoção por todas as mensagens carinhosas que tenho recebido. Obrigado pelas orações e pela torcida!;17;3;76098512382726145;2011-06-02 01:31:13
57;RT @PedroBG80: Força Presidente @itamarfranco!;2;0;76097832976789504;2011-06-02 01:28:31
58;RT @fabiofiebrantz: FORÇA @itamarfranco !;4;0;76097536045228033;2011-06-02 01:27:21
59;RT @joeltorressilva: força e que Deus te levante sempre, segundo a perfeita vontade dEle @itamarfranco;1;0;76096956254003200;2011-06-02 01:25:02
60;RT @MatheusLeone45: @ItamarFranco Força senador, o PPS, o Senado e a democracia precisam de Vossa Excelencia nessa momento tao fragil da ...;6;0;76096858740633600;2011-06-02 01:24:39
61;RT @indignada_rj: @itamarfranco Melhoras para o Sr ,contamos com seu pronto restabelecimento;1;0;75983070985068544;2011-06-01 17:52:30
62;RT @Marcos777Matias: @itamarfranco RT Força, Grande homem!;1;0;75982673465720832;2011-06-01 17:50:55
63;RT @danilofernandez: @itamarfranco Não é patrimônio dos mineiros e sim dos Brasileiros, exemplo de honestidade e simplicidade. #ForçaTopete;3;0;75958105556533248;2011-06-01 16:13:18
64;RT @lacerda_pablo: @itamarfranco  sou mineiro e me sinto representado por você... minas está torcendo pela sua recuperação.;2;0;75957673648078848;2011-06-01 16:11:35
65;RT @JanainaDM: @itamarfranco melhor e único presidente do Brasil! amo demais da conta!!!!;1;0;75957621173125120;2011-06-01 16:11:22
66;RT @Cidmanoel: @itamarfranco exemplo de vida pública para nós jovens mineiros, força Itamar!;2;0;75957557767831552;2011-06-01 16:11:07
67;RT @VicentePortella: @itamarfranco Saúde, Itamar...o Brasil precisa de você.;2;0;75957513782181888;2011-06-01 16:10:57
68;RT @marcoelpidio: @itamarfranco Presidente Itamar o Brasil ora por sua recuperação. Sentimos falta do seu bom combate a hipocrisia do se ...;1;0;75957152937803776;2011-06-01 16:09:31
69;RT @JoseCanjicaGado: Grande @itamarfranco! Estamos na torcida pela sua recuperação. Tudo vai dar certo!;2;0;75957074588205056;2011-06-01 16:09:12
70;RT @Jameson_Igor: Melhoras para o nosso querido Senador @itamarfranco força Itamar, o Brasil torce por você;2;0;75957014299283456;2011-06-01 16:08:58
71;RT @Geilamiranda: Senador @itamarfranco estimo melhoras, que Deus te abençoei e te proteja!;2;0;75956971383160832;2011-06-01 16:08:47
72;RT @Duriartt: @itamarfranco Melhoras, presidente! O Sr. é pessoa respeitável neste mundo político brasileiro de hoje.;2;0;75956909609451520;2011-06-01 16:08:33
73;RT @AndreaMatarazzo: @itamarfranco o meu abraço e pronto estabelecimento ao Presidente Itamar.;1;0;75956860548685824;2011-06-01 16:08:21
74;RT @JairEstevaoII: Melhoras ao senhor Presidente @itamarfranco. Para q este possa voltar o + breve possível ao Senado Federal!;1;0;75956679329595392;2011-06-01 16:07:38
75;RT @silvanrodney: @itamarfranco ele ainda é muito importante para minas!;2;0;75956486953644033;2011-06-01 16:06:52
76;RT @QuintaoGabriel: @itamarfranco Muita força para esse grande homem, que é um orgulho para nossa Minas Gerais. Da grandeza de Itamar já ...;5;0;75956115363471360;2011-06-01 16:05:23
77;RT @Fusca_Brasil: @itamarfranco Plano Real, estabilização da economia resgatou trabalhadores e aposentados. Sem fisiologismo nem mensalã ...;2;0;75955980541763585;2011-06-01 16:04:51
78;RT @joseserra_: Itamar é um homem íntegro. Seu governo recolocou o Brasil nos eixos. Deu um  choque de honestidade na vida pública e fez ...;86;0;75762171920916480;2011-06-01 03:14:44
79;RT @joseserra_: Ontem à noite visitei o senador e ex presidente Itamar Franco no hospital Einstein. Achei-o bem. Foi um encontro emotivo.;19;0;75762144213344256;2011-06-01 03:14:37
80;RT @jfeitoza: @itamarfranco Amigo Senador, desejamos de todo o coração sua recuperação, para essa ocasião Júlio Feitoza, Sandra, Lele e  ...;1;0;75625359743258625;2011-05-31 18:11:05
81;RT @ItamarSantana: Melhoras presidente @itamarfranco;1;0;75397567248211968;2011-05-31 03:05:55
82;RT @brunobanzae: @itamarfranco força Itamar, o Brasil torce por vc;1;0;75397537854529537;2011-05-31 03:05:48
83;RT @randolfeap: Estou também na torcida pela rápida recuperação do Sen. @itamarfranco...  sentimos falta do seu intenso parlar no Senado.;2;0;75397493789167616;2011-05-31 03:05:37
84;RT @DaniContin: @itamarfranco Senador, estimo melhoras. Rezando pelo senhor...Tenha uma boa noite e fique com Deus!!;1;0;75397477506887680;2011-05-31 03:05:34
85;Queremos registrar e agradecer a todos que postaram aqui seus sinceros votos ao Senador Itamar Franco. Nosso muito obrigado!;6;2;75396946398937088;2011-05-31 03:03:27
86;RT @GustavoNegreiro: @itamarfranco Saúde presidente! Torcendo e rezando pela sua saúde.;1;0;75395687193387008;2011-05-31 02:58:27
87;RT @mauricioaovivo: Vamo @itamarfranco melhore logo pois os mineiros precisam mais do que nunca do seu pulso!! #ForçaItamar;1;0;75395612207620096;2011-05-31 02:58:09
88;RT @gnominato: @itamarfranco Presidente, estimo melhoras. Contamos com o Senhor.;1;0;75395522839580672;2011-05-31 02:57:48
89;RT @JanainaDM: @itamarfranco melhor presidente q o Brasil ja teve, te amo muito agora pouco rezei um terço em sua intenção,conte comigo;1;0;75395466598158336;2011-05-31 02:57:34
90;RT @Casrenato: @itamarfranco Excelentissimo Sr. Presidente todos os empregados da Cemig oram por vc neste momento difícil.;2;0;75394744280285184;2011-05-31 02:54:42
91;RT @AdirparaAgir: @itamarfranco desde México enviamos os melhores desejos de animo, saúde e esperança de que recuperes pronto!;1;0;75336751496966144;2011-05-30 23:04:15
92;RT @evsouzas: @itamarfranco Desejo-lhe rápida recuperação, o Brasil precisa do senhor!;1;0;75336507417833472;2011-05-30 23:03:17
93;RT @BenitoSalomao: @itamarfranco seu nome está sendo lembrado em minhas preces diárias, sua liderança é fundamental para o nosso país, f ...;2;0;75333719698841601;2011-05-30 22:52:13
94;RT @GEFerret: @itamarfranco Melhoras Presidente!;1;0;75333097327038466;2011-05-30 22:49:44
95;RT @Correia_2011: @itamarfranco Todos torcemos por seu pronto restabelecimento!;1;0;75333039324020736;2011-05-30 22:49:30
96;RT @LuckHolanda: @itamarfranco. Que Deus o abençoe    e lhe traga a cura porque necessitamos de pessoas como o senhor por ser do lado do ...;1;0;75332975457353729;2011-05-30 22:49:15
97;RT @adoradoresmoc: @itamarfranco Força meu caro! Confie em Deus e tudo dará certo! Um abraço.;1;0;75332742568611840;2011-05-30 22:48:20
98;RT @augustoguia: Presidente o Brasil precisa de vossa honestidade e honradez @itamarfranco;2;0;75332479782887424;2011-05-30 22:47:17
99;RT @HenriqueMassara: Força @itamarfranco. Fico feliz em vê-lo tuitando com tanta voracidade. Parabéns pela recuperação!;3;0;75332381879447552;2011-05-30 22:46:54
100;RT @Uaiseilah: @itamarfranco Minas Precisa da capacidade e sabedoria do senador Itamar Franco no senado nacional. Esperamos seu breve re ...;3;0;75332259862949888;2011-05-30 22:46:25
101;RT @YtaloKubitschek: Minha sincera torcida pela recuperação do senador @itamarfranco, o Brasil faz essa corrente. #ForçaTopete;3;0;75332118967889920;2011-05-30 22:45:51
102;RT @martimbarbosa: A doença ñ haverá de derrotar o querido Presidente @itamarfranco e nem as nossas preces pela sua cura;1;0;75331590665945088;2011-05-30 22:43:45
103;RT @geraldomagela23: Senador @itamarfranco responde bem ao tratamento em SP. Desejo uma rápida recuperação ao senador dos mineiros. http ...;3;0;75331507367059456;2011-05-30 22:43:25
104;RT @crispelinca: @itamarfranco Q Deus esteja sempre contigo, nesse momento em que  precisa de força e paz! O povo esta ao seu lado, pedi ...;2;0;75331283240239104;2011-05-30 22:42:32
105;RT @TiaUMara: @itamarfranco o que vc fez por mim e minha família não tem como agradecer. Desejo melhoras!!!!;2;0;75330857027641344;2011-05-30 22:40:50
106;RT @RuitherFerrao: @itamarfranco Força meu caro! Confie em Deus e tudo dará certo! Um abraço.;2;0;75330766879465472;2011-05-30 22:40:29
107;RT @EMatozinhos: Estamos fazendo nossas preces pedindo a Deus a breve recuperação do dileto amigo, ex-presidente e senador @ItamarFranco.;2;0;75330586499227648;2011-05-30 22:39:46
108;RT @MauroBenevide: Envio meu desejo de recuperação plena ao Senador @Itamarfranco, ao qual tive o privilégio de substituir na Presidênci ...;3;0;75330512683671552;2011-05-30 22:39:28
109;RT @cesarhalum: @itamarfranco meu grande amigo de partido. Nesse momento complicado, tenha força. Esse será mais um obstáculo vencido. E ...;2;0;75330396614705152;2011-05-30 22:39:00
110;RT @augustoguia: @itamarfranco Força Presidente...saúde para retorno as lides políticas. O Brasil precisa de vossa honestidade e dignidade.;4;0;75330302150578176;2011-05-30 22:38:38
111;RT @Blackziza: Força ao grande @itamarfranco;3;0;75329998847881216;2011-05-30 22:37:25
112;RT @geraldoalckmin_: Rápida recuperação ao querido presidente e senador @itamarfranco, internado hoje para tratar leucemia http://bit.ly ...;22;0;75329949917126656;2011-05-30 22:37:14
113;RT @igorprietobh: @itamarfranco na torcida pelo pleno reestabelecimento do Senador.Q DEUS abençoe sua recuperação.;1;0;75329593023799297;2011-05-30 22:35:49
114;RT @GeraldoAbdala: @itamarfranco Meus melhores votos de pronta recuperação. E volte logo.;2;0;75329439210278912;2011-05-30 22:35:12
115;RT @marthaeferreira: @itamarfranco Meus melhores votos de pronta recuperação.;2;0;75329306791911424;2011-05-30 22:34:40
116;RT @marquinhosmacil: @itamarfranco Forca Presidente, tudo vai dar certo!;1;0;75329181499654144;2011-05-30 22:34:11
117;RT @TulioCoelho: Que Deus abencoe o presidente e senador @itamarfranco ! Melhoras e oramos por vc! Ainda veremos luta no Senado Federal! ...;2;0;75325232377896960;2011-05-30 22:18:29
118;RT @daniel_presenca: @itamarfranco muita saude e força !!;1;0;75324318850093056;2011-05-30 22:14:51
119;RT @paulohenriqueb: Força!!! @itamarfranco;1;0;75324213933780992;2011-05-30 22:14:26
120;RT @IvairNogueira: @itamarfranco Que Deus te dê forças neste momento! Tenho certeza que com a coragem que lhe é peculiar o senhor vai se ...;3;0;75320610099703808;2011-05-30 22:00:07
121;RT @RicardoPaiva_MG: @UOLPolitica Minas Torce por Voce @itamarfranco ... Força !!!!!;1;0;75320211489824768;2011-05-30 21:58:32
122;RT @joaopaulom: Desejo o pronto restabelecimento do senador @ItamarFranco, figura ímpar de atuação imprescindível no Congresso. #ForçaTopete;2;0;75320038411874304;2011-05-30 21:57:51
123;RT @gabrielazevedo: Caro Senador @itamarfranco, que vossa excelência volte o mais breve possível para as atividades no Senado. O Brasil  ...;6;0;75319956253851648;2011-05-30 21:57:31
124;RT @RCarvalho__: Força senador @itamarfranco. Minas e o Brasil estão com você!!! #PensamentoPositivo;7;0;75319743799758848;2011-05-30 21:56:40
125;RT @MGtransparente: O Bloco @MGtransparente  deseja ao grande senador @itamarfranco   pronto reestabelecimento;4;0;75319562098311168;2011-05-30 21:55:57
126;RT @ArturVirgilioAM: ...A doença ñ haverá de derrotar o querido Presidente @itamarfranco e nem as nossas preces pela sua cura;21;0;75319114083733504;2011-05-30 21:54:10
127;Sen. Itamar franco pede resposta do Senado ao artigo do jornal paraguaio sobre discussões do tratado de Itaipu:http://migre.me/4xxps;4;1;69449004601196544;2011-05-14 17:08:27
128;Veja o pronunciamento do Senador Itamar Franco em: http://migre.me/4sdFq;4;1;66271306181640192;2011-05-05 22:41:25
129;"""Os bons exemplos e os bons problemas que o Min Mantega quer trazer ao País, devem ser bons para ele, mas não para o povo brasileiro!""";20;1;66270576255307776;2011-05-05 22:38:31
130;Sen Itamar Franco apresenta Projeto de Lei que trata da autorização para localização de novas usinas nucleares.;2;1;63369867209879552;2011-04-27 22:32:08
131;Senador Itamar Franco alerta para possível falha na tramitação das MPs: http://bit.ly/mFQ283;2;1;63362402795794432;2011-04-27 22:02:28
132;Na coluna do Ricardo Setti, Itamar mostra porque, a seu ver, o projeto do trem-bala é “inaceitável”: http://migre.me/4k9xc;8;1;61904587120054273;2011-04-23 21:29:38
133;O senador Itamar Franco votou contra a aprovação da MP do Governo que autoriza a construir o trem-bala. Veja em http://migre.me/4fO4b;5;1;58913958568017921;2011-04-15 15:25:56
134;Sen Itamar Franco cobra resposta da Mesa do Senado a 4 requerimentos de informações apresentados há mais de um mês. http://migre.me/4eTH7;1;1;58230429605560320;2011-04-13 18:09:50
135;Em 1968, àquela época, nomeei uma mulher na chefia do meu Gabinete de Prefeito.;3;0;57465688691970048;2011-04-11 15:31:02
136;O senhor Hélio Costa, como sempre e atualmente, não sabe o que fala. Não acompanhou a discussão na Comissão de Reforma Política.;6;2;57465172071153665;2011-04-11 15:28:59
137;"""Os Senadores votam sem saber"", disse o Senador Itamar Franco em entrevista à revista Época: http://migre.me/4dTlI";6;0;57450449766322176;2011-04-11 14:30:29
138;Senador Itamar Franco destaca a defesa dos interesses nacionais que caracterizou José Alencar. http://migre.me/45B6R;4;0;52865228194594818;2011-03-29 22:50:27
139;Ex-presidente da República, cumpre um dever que outros esqueceram: o de fazer oposição. Coluna do Ricardo Setti. http://migre.me/48W3N;6;0;52861294688223233;2011-03-29 22:34:49
140;"Itamar Franco é convidado do programa ""Frente a Frente"" de hoje, na REDEVIDA http://t.co/JTgPMpy";2;0;52451797717090304;2011-03-28 19:27:37
141;Sen Itamar Franco quer que o Senado amplie a atuação do serviço social para quem necessite e procure por auxílio. http://migre.me/45B6R;2;0;52441980994727936;2011-03-28 18:48:37
142;Senador Itamar Franco questiona por que foram designados relatores para requerimentos que apresentou: http://migre.me/45B6R;1;1;51313310863327232;2011-03-25 16:03:41
143;Sen. Itamar Franco contesta MP509/2010 pela questão do Senado Federal ficar impedido de emendar pelo avançado do prazo http://migre.me/45B6R;2;0;50670850097156096;2011-03-23 21:30:46
144;RT @paulohadd: @itamarfranco, obrigado pelo seu apoio à reposição de pessoal do Bacen. Um ato importante para todos nós, pois o nosso pa ...;5;0;50670164718526465;2011-03-23 21:28:03
145;Visite o canal do Senador Itamar Franco no YouTube e assista aos últimos vídeos adicionados: http://migre.me/45B6R;1;1;49957913401376769;2011-03-21 22:17:49
146;No plenário, Senador Itamar Franco fala de sua desesperança atual com o Poder Legislativo do país http://ht.ly/4fYZX;8;2;48362410507120640;2011-03-17 12:37:51
147;Esta Medida Provisória é importante porque trata de bilhões de reais destinados ao BNDES;0;0;48133629745958912;2011-03-16 21:28:46
148;Apesar dos esforços do Sen. Itamar Franco, a comissão mista para analisar a MP 526 não foi instalada por falta de quórum.;3;0;48092043603492864;2011-03-16 18:43:31
149;Senador Itamar Franco aponta inconstitucionalidade na prática que vem sendo adotada na votação de Medidas Provisórias http://ht.ly/4fgtV;3;0;48090117562310656;2011-03-16 18:35:52
150;Senador Itamar Franco questiona no plenário a direção do Senado sobre publicação errada de aposentadoria. Assista: http://bit.ly/f8YDbV;5;1;47740882337808385;2011-03-15 19:28:07
151;Senador Itamar Franco corrige informações divulgadas sobre seu pedido de suspensão de aposentadoria: http://migre.me/42Xxq;5;1;47496401785065472;2011-03-15 03:16:39
152;Responderei, da Tribuna do Senado, a má-fé das informações publicadas por um certo jornalista. IF;5;1;43072090278080514;2011-03-02 22:16:01
153;@colunaCH o Sr publicou que eu recebia do Senado 13mil reais de aposentadoria. Publique, por favor, o documento original comprovando. IF;11;0;42212636552740864;2011-02-28 13:20:51
154;Registro os meus sinceros agradecimentos por todas as mensagens de apoio que recebi. Obrigado! IF;8;0;40902931406524416;2011-02-24 22:36:33
155;"Sen Itamar contesta votação do pedido de urgência para o salário mínimo: ""mesmo isolado, não vou me calar diante de infração ao regimento"".";22;0;40207209384116224;2011-02-23 00:32:00
156;@ErikaCarreira Certamente que sim! Ligue para o meu gabinete agendando um horário, após o dia 12/03, por gentileza. IF;0;0;40013809565310976;2011-02-22 11:43:30
157;Senador Itamar Franco critica predomínio dos grandes partidos na condução do Senado. Leia no JB: http://migre.me/3U2WT;13;1;38602234765918208;2011-02-18 14:14:24
158;Em Plenário, o Senador Itamar Franco reclama da suspensão de concursos e nomeações por causa do corte no Orçamento. Veja: http://ht.ly/3YVP9;13;2;38600394661699584;2011-02-18 14:07:05
159;Ao encaminhar questão de ordem à mesa do Senado, o Sen. Itamar Franco protesta e diz que regimento é autoritário. Veja http://migre.me/3SVGp;4;0;37897284154818560;2011-02-16 15:33:11
160;É bom lembrar que na minha equipe de Governo o PT participou com o Secretário de Meio Ambiente Tilden Santiago.;0;0;37581148494237696;2011-02-15 18:36:58
161;Ele não consegue se situar nem mesmo dentro do próprio partido!;3;0;37580701830221824;2011-02-15 18:35:12
162;Em respeito aos leitores sinto-me obrigado a me manifestar sobre a nota estapafúrdia do eterno candidato derrotado do PT, Nilmário Miranda.;3;0;37580461253328896;2011-02-15 18:34:14
163;Comissão de Reforma Política deve ser instalada hoje: http://migre.me/3SIh9;2;0;37511963311345664;2011-02-15 14:02:03
164;Leia a entrevista com o Senador Itamar Franco publicada no jornal EM: http://migre.me/3Sk68;3;0;37164022432268289;2011-02-14 14:59:28
165;Senador Itamar Franco leu, em Plenário, artigo que questiona Lula - http://is.gd/pwgF9G;9;0;37162817354211328;2011-02-14 14:54:40
166;Direto do Plenário: Sen. @itamarfranco pede prioridade máxima para discussão do salário mínimo http://ht.ly/3SBKU;4;0;35681293253480448;2011-02-10 12:47:37
167;RT @PPSMinas: Senador @itamarfranco quer debate com Serra no Senado sobre proposta de salário mínimo. http://migre.me/3Q7Q8;1;0;35680660261703680;2011-02-10 12:45:06
168;@joaopaulom Obrigado pelas suas palavras elogiosas! Espero continuar sendo merecedor de seus elogios! IF;1;1;35680154403479552;2011-02-10 12:43:06
169;@matheusdias032 Prezado Mateus, mande-me um endereço para que eu possa enviá-lo de presente a você, ok! IF;1;0;29905635638247424;2011-01-25 14:17:13
170;"RT @canalglobonews: Itamar Franco diz que não tem saudade de palácios; veja a entrevista completa com o ex-presidente  #globonews http:/ ...";3;0;25543743847272450;2011-01-13 13:24:37
171;Um excelente Deputado e Senador. Que Deus o receba em sua infinita bondade!;0;0;21734315322769408;2011-01-03 01:07:19
172;Em meu Governo foi Ministro da Fazenda. Ele sempre foi um defensor dos interesses mineiros. Foi um lutador e notável engenheiro.;2;0;21733798773264386;2011-01-03 01:05:16
173;Recebi com muita tristeza a notícia do falecimento do Sen Eliseu Resende. Perdemos um amigo. Minas perde um dos seus filhos mais ilustre.;6;0;21732980766547968;2011-01-03 01:02:01
174;Agradeço todas as manifestações carinhosas que recebi e desejo um 2011 de muitas realizações e sucesso a todos! Feliz Ano Novo!;0;0;20820061082099712;2010-12-31 12:34:24
175;Amigo de lutas. É difícil acreditar e aceitar. Aqui ficamos a recordar e chorar. IF;3;0;18333387752214529;2010-12-24 15:53:14
176;Recebi sua mensagem de 2011 e, junto com sua esposa Alaíde, vocês falam em esperança, paz, saúde e amor.;2;0;18333265253367808;2010-12-24 15:52:45
177;Mantivemos depois do Senado uma fraterna amizade – os sonhos mais pertos de realizar.;2;0;18333155660406785;2010-12-24 15:52:19
178;Com Brossard, Gilvan, Evilásio, sempre estávamos juntos na tribuna da oposição e confiantes no Brasil democrático. Que lutas memoráveis!;3;0;18333076086071296;2010-12-24 15:52:00
179;Ao amigo Quércia, relembro nossos primeiros passos no Senado, em 1975.;3;0;18332917755281408;2010-12-24 15:51:22
180;@andreborgesouza Obrigado, André! agradeço a amizade e o companheirismo. IF;0;0;17227282972151808;2010-12-21 14:37:58
181;O Senador eleito Itamar Franco com o Deputado Estadual eleito Bruno Siqueira, após diplomação pelo TRE/MG. http://twitpic.com/3gwyyt;3;0;15942960440934400;2010-12-18 01:34:32
182;@Dila1 Já foi enviado para o e-mail fornecido. IF;0;0;15734605822820353;2010-12-17 11:46:37
183;@mvtrivellato Levarei o caso pessoalmente à Copasa, através do Diretor regional, Márcio Kangussu. Um abç!;0;0;15731951201685504;2010-12-17 11:36:04
184;RT @politike: (Politike) #MG: O Politike analisou menções feitas ao ex-presidente e senador eleito @Itamarfranco. Confira no Portal: htt ...;2;0;13245041787011072;2010-12-10 14:53:58
185;@Dila1 Agradeço a gentileza! Favor enviar e-mail para contato.;0;0;13243922352443392;2010-12-10 14:49:31
186;@Dila1 Agradeço a gentileza! Favor enviar e-mail para contato.;0;0;13243922352443392;2010-12-10 14:49:31
187;Hoje, às 15hs, estarei reunido com a direção do PPS mineiro e com @freire_roberto, na sede do Partido em Belo Horizonte.;1;0;11784411523584000;2010-12-06 14:09:57
188;@marthaeferreira agradeço o envio do relatório da FAO, bem como a sua análise crítica que merecerá de mim a melhor atenção no Senado. Att IF;0;0;9685377954611200;2010-11-30 19:09:08
189;Esqueceu-se do SUS, que precisa ser urgentemente reestruturado. Desde 1994 falávamos da urgência da Reforma Tributária, Fiscal e Política.;7;3;5363493792387072;2010-11-18 20:55:31
190;O atual Governo tem um slogan de “nunca antes”. Pois bem: esperávamos que a saúde estivesse dentro desse conceito, o que não ocorreu.;12;1;5363314670440448;2010-11-18 20:54:48
191;O IPMF, e não CPMF, tinha prazo determinado para sua aplicação. Visava contribuir com o plano Real (Jul/94).;2;0;5360602574749696;2010-11-18 20:44:01
192;@marciocruzmg Obrigado, Márcio, pelas sua palavras elogiosas. Espero continuar sendo merecedor de sua admiração!;0;0;4986460402876416;2010-11-17 19:57:19
193;Antes de falar em CPMF, não seria melhor fazer a reforma tributária aguardada a tanto tempo?;26;1;3074478749786113;2010-11-12 13:19:47
194;Sugestão: vamos colocar no texto constitucional o direito de irmos para Passárgada (Manoel Bandeira)!;17;2;2829601537531905;2010-11-11 21:06:44
195;"Leio que a ""felicidade"" se tornará um direito Constitucional. Tudo bem! E daí? Quando estivermos infelizes iremos cobrar de quem?";23;1;2829032253030401;2010-11-11 21:04:28
196;"""Oposição precisa ser oposição, sem trégua”! Itamar Franco, em entrevista à rádio Bandeirantes.";12;0;2548289840873472;2010-11-11 02:28:54
197;@yuri_brandao Obrigado pelos votos!;0;1;29578091172;2010-11-03 14:50:40
198;às 11:30hs, o Senador eleito Itamar Franco votará no colégio Stella Matutina, na cidade de Juiz de Fora/MG.;2;0;29266413515;2010-10-31 10:50:22
199;Após caminhada com @prof_anastasia, @aecioneves pela vitória de @joseserra_ retorno a minha querida cidade de JF, para votar 45!;21;0;29199574024;2010-10-30 16:43:20
200;Veja detalhes sobre a visita ontem em Uberlândia e Montes Claros no site da @turmadochapeu_ http://bit.ly/aAXpc0;2;0;29089134267;2010-10-29 13:47:05
201;Hoje estarei em Uberlândia e Montes Claros, com @aecioneves, @prof_anastasia em prol da eleição de @joseserra. Acompanhem!;5;0;29015869039;2010-10-28 19:14:20
202;"Em solenidade, Itamar Franco recebe a comenda ""Des.Guido de Andrade"" do Pres. da AMAGIS, Juiz Bruno Terra Dias. http://twitpic.com/31ni21";1;0;29015677336;2010-10-28 19:11:22
203;"Hoje às 19:30hs, o Sen Eleito Itamar Franco receberá a Comenda ""Des.Guido de Andrade"", na AMAGIS - R. Albita 194 - Cruzeiro/BH.";1;0;28892812916;2010-10-27 14:04:33
204;Itamar Franco discursa diante de uma multidão que acompanhava a caminhada  de @joseserra em Copacabana/RJ http://twitpic.com/30jhco;6;0;28620320504;2010-10-24 19:06:07
205;"""Lula não inventou o Brasil!"" @itamarfranco durante caminhada em Copacabana pela eleição de @joseserra, com @aecioneves e @prof_anastasia.";23;1;28619899894;2010-10-24 19:00:07
206;Caminhada em copacabana/RJ pela eleição de José Serra, junto com Aécio e Anastasia. http://twitpic.com/30jem1;33;0;28619648437;2010-10-24 18:56:24
207;Quem não conhece História não é capaz de construir um grande futuro!;34;2;28463365481;2010-10-23 02:33:17
208;Será que nós em Minas vamos aceitar que se diga 'nunca antes' e vamos esquecer do que o Pres Kubitschek fez por Minas e pelo Brasil?;63;3;28034860256;2010-10-21 15:06:36
209;Leia a matéria sobre o encontro em Juiz de Fora na @turmadochapeu_ http://bit.ly/dp7vOq;8;1;27982484059;2010-10-21 01:07:17
210;@debbiedrumond Não foi graça não... Foi tentativa de roubar o perfil. Estamos monitorando. Obrigado! Equipe IF;0;0;27981569406;2010-10-21 00:55:34
211;@EdimarSantos Agradeço pela cordialidade. E dê lembranças minhas ao seu Pai e a todos os mineiros de coração!;0;0;27769762858;2010-10-18 21:12:56
212;@rodrigoklango Obrigado Rodrigo pela bela mensagem. Espero continuar merecendo o seu apoio!;1;0;27583977901;2010-10-16 23:22:57
213;"""Lavando a Alma"", do jornalista político Villas-Bôas Corrêa, do JB on-line: http://migre.me/1zIdy";4;0;27383405793;2010-10-14 22:44:07
214;Leia, na íntegra, a entrevista do Senador eleito Itamar Franco para a jornalista Eliane Cantanhêde: http://bit.ly/bWx940;2;0;27171766392;2010-10-12 20:37:06
215;Agradeço todas as manifestações de apreço que tenho recebido pela minha eleição ao Senado. A todos, o meu muito obrigado!;3;1;26608660931;2010-10-07 01:57:51
216;@alvarodias_ Agradeço ao nobre Senador as manifestações pelo meu retorno ao Senado. Aguardo oportunidade para abraçá-lo fraternalmente.;5;0;26506437126;2010-10-06 00:43:54
217;@liviadutra Eu agradeço a todos vocês, que direta ou indiretamente, fizeram parte atuante desta vitória! Um abraço fraterno!;0;0;26505112267;2010-10-06 00:27:14
218;No Senado vamos trabalhar por Minas e por um Brasil melhor, pensando nas pessoas. Obrigado pela confiança!;9;0;26504857347;2010-10-06 00:24:02
219;Registro os meus agradecimentos a todos os mineiros, moças e moços, e a minha equipe, pelos mais de 5 milhões de votos que recebi.;8;0;26504747337;2010-10-06 00:22:39
220;Foi uma campanha árdua, mas prazerosa. Andar por Minas e ver a sinceridade no olhar de cada pessoa que abraçava. A beleza da eleição Direta!;3;0;26504544080;2010-10-06 00:20:13
221;O candidato eleito ao Senado Itamar Franco em entrevista coletiva a diversos veículos de comunicação. http://twitpic.com/2uzewh;1;0;26503899169;2010-10-06 00:12:11
222;Estarei hoje, às 15:30hs, na sede do PPS, em BH,recebendo a imprensa mineira e nacional para uma entrevista coletiva. Afonso Pena, 2793;0;0;26452947544;2010-10-05 12:48:34
223;Itamar Franco @aecioneves @prof_anastasia farão grande caminhada em BH, hj, às 11h. Saída Pça da Rodoviária até a Pça Sete. Esperamos vcs!;3;0;26073069116;2010-10-01 12:05:54
224;Itamar Franco, @aecioneves e @prof_anastasia fazem grande carreata em Governador Valadares, leste mineiro http://twitpic.com/2tevnz;0;0;26007001427;2010-09-30 19:11:00
225;Devido a chuva Itamar Franco, Aécio Neves e Anastasia ñ foram a Lagoa da Prata Bom Despacho e Divinópolis Eles irão às 13h30 a Gov Valadares;3;0;25988382447;2010-09-30 15:12:54
226;Itamar Franco @aecioneves e @prof_anastasia visitam Lagoa da Prata, Bom Despacho, Divinópolis, Gov Valadares, Timóteo, Fabriciano e Ipatinga;3;0;25984123144;2010-09-30 14:27:02
227;Assista ao último Programa Eleitoral Gratuito de TV da campanha de Itamar Franco http://ow.ly/2M1Os #senador234 #senadordobrasil;0;0;25931400778;2010-09-30 00:20:50
228;Ouça o Programa Eleitoral de Rádio da campanha de Itamar Franco http://ow.ly/2LRm1  #senador234  eleicoes2010;4;1;25906115524;2010-09-29 18:18:43
229;Os mineiros apoiam Itamar Franco e explicam por que ele é a melhor opção para o Senado. http://ow.ly/2Lhcp;6;0;25812998593;2010-09-28 19:27:01
230;Itamar Franco vai defender no Senado o aumento do repasse do Fundo de Participação dos Municípios http://ow.ly/2L27L;6;0;25786363953;2010-09-28 13:54:40
231;Assista ao Programa Eleitoral Gratuito de TV da campanha de Itamar Franco e Aécio Neves http://ow.ly/2KMTi #senador234 #senador456;0;0;25740092926;2010-09-28 01:02:52
232;Itamar Franco, Aécio Neves e Anastasia passaram a tarde em campanha pela cidade de Araguari, no triângulo mineiro http://twitpic.com/2slios;0;1;25718519751;2010-09-27 20:29:08
233;Bandeiraço para receber Itamar Franco e @prof_anastasia em Coromandel, na região Oeste de Minas http://twitpic.com/2sl1wn;4;0;25714107671;2010-09-27 19:24:31
234;Itamar Franco e @prof_anastasia são acompanhados por centenas de pessoas em Patos de Minas http://twitpic.com/2sknor;2;0;25710409557;2010-09-27 18:29:41
235;Ouça o Programa Eleitoral Gratuito de Rádio da campanha de Itamar Franco http://ow.ly/2KAxm #senador234 #eleicoes2010;1;0;25708571480;2010-09-27 18:02:24
236;Itamar Franco contribuiu p/ introdução da questão agroalimentar e da fome como temas prioritários na agenda nacional http://bit.ly/9cQVCw;2;0;25687283925;2010-09-27 13:42:53
237;Itamar Franco e Anastasia estiveram em Sete Lagoas e participaram de caminhada e carreata pela cidade. http://twitpic.com/2s969u;2;0;25605092118;2010-09-26 16:37:40
238;Itamar Franco estará em Sete Lagoas amanhã, às 9h30, para participar de caminhada e carreata. #senador234 #senadordobrasil;0;0;25543271294;2010-09-26 00:20:09
239;Nesta reta final agradeço o carinho e apoio de todos vocês @Scarpioni @EduBasttos @Altair_Nogueira @erico_lamego @isabellamelo91 #senador234;3;0;25532361958;2010-09-25 21:28:44
240;Moços e moças muito obrigado pelo apoio! #senador234 @zeppelim @BenitoSalomao @mmitterhoff @gabrielazevedo @deiadonadon @Jaysonprado;2;0;25532109899;2010-09-25 21:24:22
241;Veja o Programa Eleitoral Gratuito de TV da campanha de Itamar Franco http://ow.ly/2JEWW #senador234 #eleições2010;3;0;25452483245;2010-09-25 00:25:35
242;"Itamar Franco quer ""completar"" Plano Real com Reformas Tributária e Fiscal http://ow.ly/2JBDM #senador234 #eleicoes2010";5;0;25440464374;2010-09-24 21:32:24
243;@itamarfranco ao lado d @prof_anastasia @joseserra_ e @aecioneves em carreata na cidade de Diamantina #senador233 http://twitpic.com/2rkmcv;2;0;25435950956;2010-09-24 20:23:52
244;Ainda hoje, Itamar Franco vai visitar as cidades de Oliveira e Cláudio.;1;0;25428563240;2010-09-24 18:31:41
245;Em Capelinha, no Vale do Jequitinhonha, Aécio Neves reafirma seu apoio ao tbm candidato ao senado Itamar Franco http://twitpic.com/2rjnmq;3;0;25428137373;2010-09-24 18:25:32
246;Em reta final de campanha @itamarfranco participou d mobilização na cidade d Guanhães ao lado d @prof_anastasia http://twitpic.com/2ri8c0;2;0;25415372852;2010-09-24 15:43:49
247;Ouça o Programa Eleitoral Gratuito de Rádio da campanha de Itamar Franco http://ow.ly/2JoGs #senador234 #senadordobrasil;1;0;25414393295;2010-09-24 15:32:37
248;Durante caminhada pelas ruas de Curvelo, Itamar Franco recebeu o apoio de @prof_anastasia e da população local http://twitpic.com/2r7lv6;1;0;25319263085;2010-09-23 15:55:02
249;Itamar Franco acaba de chegar na cidade de Curvelo onde fará campanha ao lado de @prof_anastasia;1;0;25310012540;2010-09-23 14:07:53
250;Assista ao Programa Eleitoral Gratuito de TV da campanha para o Senado de Itamar Franco http://ow.ly/2Isq2;2;0;25259576632;2010-09-23 00:28:02
251;Na visita a NL, Itamar Franco atende a um pedido de D. Diva e vai até a casa dela para tomar um café http://twitpic.com/2qywez;2;0;25244452258;2010-09-22 20:53:22
252;Em entrevista coletiva em Nova Lima, Itamar Franco defende a independência do Senado  http://twitpic.com/2qyt4k;2;0;25243597797;2010-09-22 20:39:58
253;Em Nova Lima, Itamar Franco afirma que o mineiro é livre para tomar suas decisões e escolher seus candidatos http://twitpic.com/2qyqti;3;0;25243005936;2010-09-22 20:30:51
254;Escute o Programa Eleitoral Gratuito de Rádio da campanha de Itamar Franco Senador 234 http://ow.ly/2IjAe;3;1;25237111856;2010-09-22 19:00:07
255;Em Alfenas, na tarde de hj, @itamarfranco, @aecioneves e @prof_anastasia receberam o apoio dos eleitores http://twitpic.com/2qphzb;2;0;25159083533;2010-09-21 22:54:26
256;Em Poços de Caldas, Itamar Franco, Aécio e Anastasia caminharam pela cidade e tomaram um tradicional cafezinho http://twitpic.com/2qopl8;2;1;25151069134;2010-09-21 20:58:52
257;Itamar Franco, Aécio e Anastasia foram recebidos com muito carinho pela população nas ruas de Pouso Alegre http://twitpic.com/2qnzeo;1;0;25144322702;2010-09-21 19:14:01
258;Itamar Franco, Aécio Neves e Anastasia atraíram uma multidão para as ruas de Pouso Alegre (Sul de Minas) na tarde desta terça-feira;3;0;25144015393;2010-09-21 19:09:11
259;Em editorial, Estadão diz que Itamar é exemplo de ética http://bit.ly/bwgRb4;6;0;25138021414;2010-09-21 17:36:50
260;Itamar defende a indepêndencia do Senado e reafirma apoio a @aecioneves e @prof_anastasia http://ow.ly/2HCH6;4;0;25137794572;2010-09-21 17:33:39
261;O Senado é a representação dos Estados. Lá, não queremos receber influência externa. Cabe aos mineiros escolher seus senadores;5;0;25120087027;2010-09-21 13:49:10
262;Assista ao Programa Eleitoral Gratuito de TV de Itamar Franco http://ow.ly/2Hckc;2;0;25071655986;2010-09-21 00:20:23
263;Norte de Minas recebe com carinho Itamar Franco, @aecioneves e @prof_anastasia http://ow.ly/2H5Hd;1;0;25053752647;2010-09-20 20:03:29
264;Em Várzea da Palma, Itamar Franco recebe o apoio de Aécio Neves, também candidato ao Senado por Minas. #senadordob http://twitpic.com/2qe2ya;3;0;25051881427;2010-09-20 19:33:44
265;Em Pirapora, Itamar Franco participou de carreata e ato público, na Praça Cariris, ao lado de Aécio e Anastasia. http://twitpic.com/2qdwia;2;0;25050275718;2010-09-20 19:08:07
266;Itamar Franco, Aécio e Anastasia durante carreata por algumas das principais ruas da cidade de Januária http://twitpic.com/2qduq9;3;0;25049873439;2010-09-20 19:01:26
267;Ouça o Programa Eleitoral Gratuito de Rádio de Itamar Franco http://ow.ly/2GStk;2;0;25031530799;2010-09-20 14:51:29
268;Itamar Franco está em Januária para caminhada e carreata ao lado da população. Logo após segue em campanha para a cidade de Pirapora.;0;0;25024857757;2010-09-20 13:28:32
269;Itamar Franco, Aécio Neves e Anastasia recebem apoio das lideranças de Vilas e Favelas da RMBH http://ow.ly/2GxRN;4;0;24961551128;2010-09-19 19:43:53
270;Ao lado de @crisdomorro Itamar Franco e @aecioneves foram recebidos por centenas de pessoas no 1º de Maio/BH http://twitpic.com/2q1sa4;1;0;24951775650;2010-09-19 17:17:00
271;Itamar Franco está em Ibirité e daqui a pouco vai participar d caminhada e carreata com @aecioneves e @crisdomorro no 1º de maio em BH;1;0;24934501002;2010-09-19 13:29:26
272;Assista ao Programa Eleitoral Gratuito de TV de Itamar Franco, exibido hoje à noite http://ow.ly/2G7oQ;0;0;24807105030;2010-09-18 01:01:55
273;Itamar franco e @prof_anastasia encerraram as visitas do dia em Leopoldina, onde fizeram caminhada com eleitores http://twitpic.com/2pdlo9;1;1;24792629823;2010-09-17 21:19:56
274;Multidão em Visconde do Rio Branco recebe com carinho os candidatos Itamar Franco e @prof_anastasia http://twitpic.com/2pcpw4;1;0;24785695516;2010-09-17 19:27:24
275;Ouça o Programa Eleitoral Gratuito de Rádio de Itamar Franco http://ow.ly/2FZvb;1;0;24784205558;2010-09-17 19:04:01
276;RT @ImprensaSomosMG: Áudio - Entrevista com Itamar Franco e Antonio Anastasia, durante visita a São João Nepomuceno http://bit.ly/9iYzAk;1;0;24776471794;2010-09-17 17:13:01
277;Em São João Nepomuceno Itamar Franco e Anastasia fazem carreata e são recebidos com carinho pela população http://twitpic.com/2pbbm1;1;0;24774488818;2010-09-17 16:48:01
278;Itamar Franco, Aécio Neves e Anastasia durante entrevista coletiva no aeroporto da cidade de Goianá http://twitpic.com/2patc6;1;0;24769855730;2010-09-17 15:53:04
279;Itamar Franco foi homenageado por oficiais da Policia Militar e Corpo de Bombeiros esta noite no Clube dos Oficiai http://twitpic.com/2p40t7;4;0;24713700729;2010-09-17 00:58:53
280;Itamar Franco e Alberto Pinto Coelho foram recebidos com entusiasmo na Zona da Mata http://ow.ly/2FvoQ;1;0;24702409089;2010-09-16 22:21:59
281;O Senado precisa se erguer, se colocar de pé e não chegar ao ponto de que tem que ser senador ligado ao governo. http://ow.ly/2FnRM;7;0;24687006081;2010-09-16 18:27:23
282;Itamar Franco faz caminhada no calçadão de Viçosa, ao lado d Alberto Pinto Coelho, candidato a vice de Anastasia http://twitpic.com/2p0tri;2;0;24685844145;2010-09-16 18:09:29
283;Hoje às 12h30 Itamar Franco vai visitar a cidade de Viçosa e às 15h ele fará campanha em Bambuí. Esperamos por vocês!;3;0;24665324643;2010-09-16 13:51:04
284;Assista agora ao Programa Eleitoral Gratuito de TV de Itamar Franco http://ow.ly/2EWpX;2;1;24617169331;2010-09-16 00:22:46
285;Itamar Franco, @aecioneves e @prof_anastasia encerraram em Lavras as visitas do dia.  http://twitpic.com/2orb62;1;1;24605207880;2010-09-15 21:31:44
286;Em Campo Belo Centenas de pessoas acompanham a carreata de Itamar Franco, Aécio Neves e Anastasia http://twitpic.com/2oq71x;4;0;24595410017;2010-09-15 19:01:13
287;Itamar Franco, Aécio e Anastasia participam de carreata e caminhada pelas ruas de Três Pontas no Sul de Minas http://twitpic.com/2oprxd;2;0;24591798732;2010-09-15 18:06:17
288;Ouça o novo programa de rádio de Itamar Franco http://ow.ly/2EC5d;2;0;24574337026;2010-09-15 14:26:44
289;Itamar Franco, @aecioneves e @prof_anastasia vão visitar as cidades de Três Pontas, Campo Belo e Lavras, amanhã à tarde. Esperamos por vcs;3;1;24522887246;2010-09-15 00:26:04
290;Itamar Franco faz campanha em Uberlândia  http://bit.ly/cz8u8p;1;1;24508127490;2010-09-14 20:53:58
291;Itamar Franco, Aécio Neves e Anastasia visitam cidades do Triângulo Mineiro http://bit.ly/d8AdhT;3;0;24503692754;2010-09-14 19:43:34
292;Itamar Franco, Aécio e Anastasia visitaram Frutal, na tarde desta terça-feira e caminharam ao lado de lideranças políticas da região.;2;0;24501988174;2010-09-14 19:16:46
293;Anastasia, Aécio Neves e Itamar Franco em Uberaba‏ durante carreata pelas ruas da cidade #senadordobrasil http://twitpic.com/2oeur4;6;0;24495448983;2010-09-14 17:38:15
294;O Senado virou um complemento artificial do Executivo. É preciso um Senado independente, focado nos interesses do povo http://ow.ly/2E3tf;17;0;24486962828;2010-09-14 15:50:46
295;Em Santa Luzia, Itamar Franco defendeu independência dos poderes para fortalecer o Senado. http://ow.ly/2DD4L;1;1;24413138514;2010-09-13 20:35:29
296;"Em Vespasiano, @itamarfranco pede apoio a @prof_anastasia. ""Minas sabe q Anastasia é melhor pro nosso Estado http://twitpic.com/2o53tn";5;1;24408598695;2010-09-13 19:21:35
297;@itamarfranco @aecioneves e @prof_anastasia fazem campanha em Vespasiano e caminha pelas ruas da cidade http://twitpic.com/2o52pl;2;0;24408334600;2010-09-13 19:17:14
298;População de Santa Luzia acompanha Itamar Franco pelas ruas do Centro histórico http://twitpic.com/2o3zpd;2;0;24398721325;2010-09-13 16:52:26
299;Itamar Franco já está em Santa Luzia. Em entrevista coletiva, ele defende a independência do Senado.  http://twitpic.com/2o3i31;0;0;24394072886;2010-09-13 15:52:32
300;Ouça o Programa Eleitoral Gratuito de Rádio de @itamarfranco e @aecio neves http://ow.ly/2DpUe  #senadordobrasil;0;0;24391214621;2010-09-13 15:16:46
301;Às 12h @itamarfranco, @aecioneves e @prof_anastasia estarão em Santa Luzia, RMBH. A carreata se iniciará na Av. Brasília. Contamos com vc!;5;0;24385648998;2010-09-13 14:11:03
302;Na manhã deste domingo, Itamar Franco, acompanhado por @crisdomorro e Luiz Bocão, visitou a Cabana Pai Tomaz, em  BH. http://ow.ly/2CZEb;0;0;24293061536;2010-09-12 15:36:58
303;Em carreata pelas ruas da comunidade da Cabana, Itamar Franco recebe apoio dos moradores http://twitpic.com/2nrrnu;0;0;24287772878;2010-09-12 14:30:41
304;Populares recebem com carinho Itamar Franco, na caminhada pela comunidade da Cabana, na região Oeste de BH.   http://twitpic.com/2nrinp;0;0;24285764163;2010-09-12 14:03:32
305;Itamar está na Cabana Pai Tomaz Ele agradece apoio da população e lembra q Plano Real mudou a vida do brasileiro http://twitpic.com/2nrdrb;1;0;24284694035;2010-09-12 13:48:38
306;Daqui a pouco Itamar Franco visita a comunidade da Cabana, na Região Oeste de BH. Esperamos vocês lá!;1;0;24282453826;2010-09-12 13:15:28
307;Em São João Del Rei Itamar Franco, Aécio e Anastasia após caminhada com a pop fazem uma pausa para tomar café http://twitpic.com/2nfwfy;4;0;24211852729;2010-09-11 17:21:07
308;Itamar Franco, Aécio e Anastasia participaram de carreata pelas ruas da histórica São João Del Rei http://twitpic.com/2nfuu9;2;0;24211516609;2010-09-11 17:16:32
309;Ainda hoje, Antonio Anastasia, Itamar Franco e Aécio Neves visitam a cidade de São João Del Rei, também na região Central do Estado.;4;0;24202205809;2010-09-11 15:18:09
310;Acompanhados por lideranças da região, Aécio, Itamar e Anastasia fizeram caminhada pelas ruas de Barbacena e participaram de ato público.;4;0;24201391517;2010-09-11 15:08:08
311;RT @gabrielazevedo Enquanto isso, uma multidão recebe nesse instante @aecioneves, @prof_anastasia e @itamarfranco em Barbacena;3;0;24201183994;2010-09-11 15:05:35
312;Itamar Franco, Aécio Neves e Anastasia foram recebidos com muito carinho pelo povo de Barbacena http://twitpic.com/2nec5e;3;0;24200319799;2010-09-11 14:55:05
313;Anastasia, Itamar Franco  e Aécio Neves acabam de chegar em Barbacena, região Central do Estado.;2;0;24194572247;2010-09-11 13:38:17
314;Itamar Franco e Aécio Neves estão em Barbacena para carreata pela cidade e caminhada ao lado da população.;0;0;24190384783;2010-09-11 12:31:47
315;Assista ao Programa Eleitoral Gratuito de @itamarfranco e @aecioneves http://ow.ly/2CCb6   #senadordobrasil;2;0;24152086263;2010-09-11 00:51:17
316;Itamar Franco e Anastasia visitaram 7 cidades do Triângulo Em Conc. das Alagoas Itamar defendeu a independência do Senado http://ow.ly/2CyVE;2;1;24139415861;2010-09-10 21:39:13
317;Ouça o Programa Eleitoral Gratuito d Rádio http://ow.ly/2CtIx Aecio Neves e @itamarfranco juntos por um senado independente #senadordobrasil;4;0;24128854602;2010-09-10 18:45:35
318;Anastasia e Itamar em carreata pelas ruas de Monte Alegre de Minas http://twitpic.com/2n3ajd;3;1;24127114139;2010-09-10 18:18:44
319;Em Prata, no Triângulo Mineiro, Itamar Franco e Anastasia circulam em carreata pelas ruas da cidade http://twitpic.com/2n30sx;0;0;24125014429;2010-09-10 17:47:25
320;Em Prata, , no Triângulo Mineiro, Itamar Franco e Anastasia circulam em carreata pelas ruas da cidade http://twitpic.com/2n30gs;0;0;24124940473;2010-09-10 17:46:21
321;Itamar Franco faz maratona pelo Triângulo Mineiro: Prata, Monte Alegre, Tupaciguara, Ituiutaba e Uberlândia. Todas essas cidades ainda hoje.;1;0;24118012811;2010-09-10 16:15:43
322;Em Conceição das Alagoas, o candidato ao Senado por Minas, Itamar Franco recebe o carinho de populares http://twitpic.com/2n25g6;2;0;24117739648;2010-09-10 16:12:26
323;Anastasia e Itamar Franco visitaram, na manhã de hoje , Conceição das Alagoas, no Triângulo Mineiro. http://twitpic.com/2n24dn;2;0;24117503613;2010-09-10 16:09:36
324;Assista ao Programa Eleitoral Gratuito de Itamar Franco e Aécio Neves http://bit.ly/9WzdR6 #senadordobrasil;6;1;24045203609;2010-09-09 21:34:11
325;Em Manhuaçu Aécio, Itamar Franco e Anastasia participam de carreata e recebem carinho da população http://twitpic.com/2midth;4;0;23946536854;2010-09-08 20:50:41
326;@thiagofranco_mg @juntosporserra @samuelpps Fico muito feliz com o apoio de todos vcs nessa nossa caminhada rumo ao senado #senadordobrasil;1;0;23939906904;2010-09-08 19:07:00
327;Os candidatos @itamarfranco @aecioneves e @prof_anastasia seguem agora rumo a Manhuaçu, na Zona da Mata.;2;0;23939809549;2010-09-08 19:05:26
328;Anastasia, Itamar Franco e Aécio Neves participaram de ato público com eleitores na Praça João Pinheiro em Muriaé http://twitpic.com/2mhj1t;1;0;23939039856;2010-09-08 18:53:25
329;Em Muriaé, Itamar Franco pede apoio a @prof_anastasia e diz q o apoio da Zona da Mata é importante http://bit.ly/a0XCbG;2;0;23931689217;2010-09-08 17:07:27
330;Daqui a pouco Itamar Franco estará em Muriaé para caminhada e carreata pela cidade. #senadordobrasil;2;0;23928213952;2010-09-08 16:23:09
331;@Elder_Oliva @RenatoAlvesP @jamicel @GIAMONAMI @vfcolares É muito bom receber o apoio de vocês. Forte abraço a todos!;1;0;23916082195;2010-09-08 13:58:49
332;"RT @BOVAP: Maiores altas: @silva_marina +30% a 130,00; @sen_cristovam +21,62% a UVP 45,00; @itamarfranco +18,18% a UVP 26,00.";3;0;23915255828;2010-09-08 13:48:23
333;A história de luta pela liberdade, q tem em Tiradentes sua maior expressão, faz c/ q os mineiros zelem pelo bem mais forte, a independência;4;0;23269056027;2010-09-07 20:41:11
334;Em clima de feriado, Porteirinha parou p/ acompanhar a carreata de @itamarfranco @aecioneves e @prof_anastasia http://twitpic.com/2lweeh;1;0;23168274352;2010-09-06 18:40:34
335;A cidade de Porteirinha pára com a chegada de @itamarfranco @aecioneves e @prof_anastasia http://twitpic.com/2lwdgg;3;0;23168075247;2010-09-06 18:37:24
336;Em Porteirinha Itamar Franco recebe o apoio de @prof_anastasia http://twitpic.com/2lvtfc;2;0;23163668169;2010-09-06 17:31:28
337;Itamar Franco chega na cidade de Porteirinha onde é recebido por centenas de pessoas http://twitpic.com/2lvt2z;3;0;23163586741;2010-09-06 17:30:17
338;Itamar Franco é recebido com muito carinho pelo povo de Janaúba e reforça sua popularidade em Minas http://twitpic.com/2lv1o0;2;0;23156736032;2010-09-06 16:00:36
339;Carreata de @itamarfranco @aecioneves e @prof_anastasia em Janaúba conta com + d 50 motos e + d 100 carros http://twitpic.com/2lup1h;3;0;23153342117;2010-09-06 15:19:18
340;Escute o Programa de Rádio de hoje  http://ow.ly/2A5EF;3;0;23151187623;2010-09-06 14:53:58
341;@SuzzanPires @luizh45151 @turmadochapeu_ @renatofumaca @IcaroDemetrios  Agradeço o apoio de todos vocês nessa caminhada. #senadordobrasil;0;0;23149406068;2010-09-06 14:32:06
342;Daqui a pouco @itamarfranco @aecioneves e @prof_anastasia fazem carreata na cidade mineira de Janaúba.;4;0;23147845001;2010-09-06 14:12:34
343;"RT @cristilobo: Itamar Franco: ""1a. atribuição do Senado é julgar o presidente"". Por isso, disse ele, não deve ser atrelado ao PR. Mas r ...";21;0;22753314087;2010-09-02 00:11:00
344;"RT @cristilobo: Itamar reforça: ""É preciso fazer o Brasil acordar. Um Senado independente é fundamental para a democracia.""";41;0;22753285915;2010-09-02 00:10:36
345;Hj às 14h45min passeio do Ônibus do Itamar, do PPS (Afonso Pena esq. c/ Piauí) a todos os comitês da reg. Centro Sul de BH. Participe!;3;0;22718879874;2010-09-01 15:52:50
346;"RT @BOVAP: Maiores altas: @itamarfranco +10% a UVP 44,00; Heloisa Helena +5,26% a UVP 20,00; @celsorussomanno +3,03% a UVP 170,00.";4;0;22542813524;2010-08-30 17:34:24
347;Itamar e Anastasia recebem apoio de Cris do Morro e da população do Morro do Papagaio http://bit.ly/cZtGNc;9;0;22459582698;2010-08-29 18:52:59
348;Completando 20 anos, carro popular ganhou força na época em que Itamar Franco foi Presidente da República http://ow.ly/2wqhs;9;1;22458647331;2010-08-29 18:37:08
349;Caminhada no Morro do Papagaio mostra apoio das pessoas à nossa candidatura Obrigado @crisdomorro e a multidão que demonstrou tanto carinho;2;0;22445576795;2010-08-29 15:24:35
350;@itamarfranco, @prof_anastasia e @crisdomorro estão em meio à multidão na Barragem Santa Lúcia.  http://twitpic.com/2jdhmr;4;0;22442630014;2010-08-29 14:45:47
351;O morro do papagaio parou para a passagem de @itamarfranco e @prof_anastasia. Neste momento eles seguem para a Barragem Sta Lúcia.;4;0;22439786914;2010-08-29 14:05:51
352;Itamar Franco, Aécio Neves e Anastasia visitam daqui a pouco o morro do papagaio e Barragem Sta Lucia ao lado de @crisdomorro em BH;9;0;22434155903;2010-08-29 12:35:09
353;@itamarfranco @aecioneves e @prof_anastasia estão na Padaria Vila Real, em Sabará, onde tomam o tradicional cafezinho da cidade.;0;0;22363784713;2010-08-28 15:59:43
354;centenas de pessoas acompanham @itamarfranco em caminhada pelas ruas de Sabará http://twitpic.com/2j0pzx;0;0;22362657412;2010-08-28 15:45:06
355;@itamarfranco @aecioneves @prof_anastasia estão em Sabará e participam d carreata pelas ruas da cidade mais d 50 carros participam d evento;3;0;22360105048;2010-08-28 15:12:15
356;@itamarfranco, @aecioneves e @prof_anastasia estarão daqui a pouco na Praça Melo Viana, no centro histórico de Sabará.;5;0;22358680092;2010-08-28 14:54:13
357;Itamar Franco recebe comenda do prefeito de Caeté, em reconhecimento aos 40 anos de vida política http://ow.ly/2vZNc;0;0;22304503918;2010-08-27 22:43:09
358;Itamar Franco caminha pelas ruas de Caeté e recebe o apoio da população local. http://twitpic.com/2iq7tb;2;1;22295131394;2010-08-27 20:15:21
359;Num tradicional Ford 29 @itamarfranco participa de carreata pelas ruas de Caeté http://twitpic.com/2iq1lq;5;0;22293824902;2010-08-27 19:54:13
360;Durante visita em Caeté Itamar passa na Igreja de N.Sª de Bonsucesso considerada a maior riqueza barroca do mundo http://twitpic.com/2ipwiy;3;0;22292733124;2010-08-27 19:36:20
361;@itamarfranco é homenageado em Caeté onde se reúne com o prefeito da cidade e lideranças políticas da região http://twitpic.com/2iplq8;3;0;22290365248;2010-08-27 18:58:17
362;Itamar Franco faz campanha em Caeté http://bit.ly/bB5D2Q;2;1;22290088095;2010-08-27 18:53:46
363;Formiga está em festa com a chegada dos candidatos @itamarfranco @aecioneves e @prof_anastasia #senadordobrasil http://twitpic.com/2ienmx;3;0;22202154775;2010-08-26 19:08:16
364;Itamar Franco é recebido com carinho pelos jovens da cidade de Formiga. http://twitpic.com/2ielv0;3;0;22201761941;2010-08-26 19:01:50
365;Começou a carreata pelas ruas d Formiga com os candidatos @itamarfranco @aecioneves e @prof_anastasia http://twitpic.com/2iejlb;1;0;22201266383;2010-08-26 18:53:42
366;No aeroporto de Formiga @itamarfranco @aecioneves e @prof_anastasia concedem entrevista coletiva http://twitpic.com/2ieg0o;2;1;22200474535;2010-08-26 18:40:30
367;Em Formiga @itamarfranco relembra a luta p/ manter Furnas na região e reforça a importância d garantir a continuidade do governo Anastasia;1;0;22198726605;2010-08-26 18:12:03
368;Hoje às 14h @itamarfranco estará em Formiga para carreata e caminhada pelo centro da cidade mineira. #senador234;0;0;22175516071;2010-08-26 13:02:33
369;"RT @rodsilveira_ ""Itamar Franco, o presidente q deixa o governo com o maior índice d aprovação já alcançado!"" http://t.co/o3zwBH6";3;0;22175221541;2010-08-26 12:58:30
370;"Já está no site www.itamar2010.com.br o Programa Eleitoral Gratuito de TV de @itamarfranco. Veja na seção ""Programa de TV""!";1;0;22137023262;2010-08-26 01:26:44
371;Escute o novo Programa Eleitoral Gratuito de Rádio de @itamarfranco http://bit.ly/agnYiK;1;0;22107677904;2010-08-25 17:56:52
372;Anastasia,  Aécio e Itamar Franco, chegaram há pouco em João Pinheiro. Foram recebidos pelo prefeito, Sérgio Vaz  e lideranças da região.;4;1;22024338983;2010-08-24 19:16:07
373;Aécio Neves, @prof_anastasia e @itamarfranco em carreata pela cidade de Patrocínio, no Alto Paranaíba http://twitpic.com/2htguh;3;1;22021607648;2010-08-24 18:30:21
374;Após receberem o carinho d Monte Carmelo @itamarfranco e @prof_anastasia seguem p/ Patrocínio e João Pinheiro http://twitpic.com/2hszlr;0;0;22017705596;2010-08-24 17:27:51
375;Pausa p/ o tradicional cafezinho @itamarfranco e @prof_anastasia são acompanhados por lideranças políticas http://twitpic.com/2hsy5u;1;0;22017379921;2010-08-24 17:22:43
376;Em Monte Carmelo, no Alto Paranaíba @itamarfranco e @prof_anastasia se encontram para carreata pelo centro da cida http://twitpic.com/2hswd0;2;0;22016958063;2010-08-24 17:16:14
377;Itamar Franco e Antonio Anastasia visitam a cidade mineira de Monte Carmelo http://twitpic.com/2hsuzk;2;0;22016619832;2010-08-24 17:11:08
378;"Veja mais um Programa Eleitoral Gratuito de TV de @itamarfranco, na seção ""Programa de TV"" do site www.itamar2010.com.br";4;0;21968192498;2010-08-24 03:05:59
379;@itamarfranco em gravação do Programa Eleitoral Gratuito de TV http://twitpic.com/2hk4yz;2;1;21940386315;2010-08-23 20:23:10
380;Ouça o novo Programa Eleitoral Gratuito de Rádio de @itamarfranco  http://bit.ly/d9JycT;2;0;21927442515;2010-08-23 16:46:24
381;Veja as atualizações do site d Itamar Franco http://bit.ly/c3jdQo e toda a cobertura fotográfica da campanha no Flickr http://migre.me/16NKS;4;0;21914584626;2010-08-23 13:38:58
382;Atenção! Para as redes sociais oficiais d Itamar Franco: Facebook http://migre.me/16NJn e Orkut http://migre.me/16NIZ;2;0;21914319458;2010-08-23 13:35:17
383;Itamar Franco inaugura comitê do PPS em Ribeirão das Neves http://bit.ly/bnFSxS;4;0;21860126475;2010-08-22 21:35:14
384;@valerialugon Itamar acabou com 30 anos de inflação e fez  os genéricos. Em MG retomou a Cemig p/ os mineiros. Veja http://bit.ly/dD46Jm;1;0;21841133744;2010-08-22 16:17:48
385;@valerialugon Itamar acabou com 30 anos de inflação e fez  os genéricos. Em MG retomou a Cemig p/ os mineiros. Veja http://bit.ly/dD46Jm;1;0;21841133744;2010-08-22 16:17:48
386;"Paulo Vale, pres do PPS, em Neves, lê texto d Willian Davis ""Caráter e Reputação"", q reflete o q é Itamar http://twitpic.com/2h77ai";4;0;21836008694;2010-08-22 15:05:11
387;Agora Itamar Franco se reúne com lideranças políticas e populares no comitê da dep estadual @glaucia_brandao http://twitpic.com/2h72jf;1;0;21834919355;2010-08-22 14:50:22
388;RT @Tom_brazil: Vote no Itamar para o Senado o melhor presidente que o Brasil já teve @itamarfranco;3;0;21832702076;2010-08-22 14:18:43
389;Itamar Franco acaba de inaugurar o comitê da dep estadual @glaucia_brandao #senador234 http://twitpic.com/2h6sj9;2;0;21832642138;2010-08-22 14:17:50
390;@Tom_brazil @giancarllo @osvaldoacastro @samuelpps @RodrigoCastro45 @Sandra_Campos_ Moços e moças agradeço o apoio de vcs nessa campanha!;2;0;21831021766;2010-08-22 13:53:28
391;Itamar Franco já está na praça central de Ribeirão das Neves onde é recebido com carinho pela população http://twitpic.com/2h6jf5;1;0;21830716658;2010-08-22 13:48:35
392;"""Ribeirão das Neves recebe de coração o futuro senador @itamarfranco"" na manhã deste domingo http://twitpic.com/2h6err";1;0;21829763884;2010-08-22 13:33:06
393;Daqui a pouco Itamar estará em Ribeirão das Neves p/ inauguração do Comitê de campanha.  R Antônio Miguel Cerqueira Neto, 328, São Pedro.;3;0;21826673761;2010-08-22 12:37:58
394;@itamarfranco, @aecioneves e @prof_anastasia foram recebidos por centenas de pessoas em PN e Ubá. Veja matéria no site http://ow.ly/2sTJR;0;0;21777965313;2010-08-21 21:16:48
395;Itamar está em Ipatinga onde recebe apoio de 40 empresários, que comemoram o sucesso do Cartão de Todos, iniciado no governo Itamar;3;0;21775298637;2010-08-21 20:26:11
396;RT @adriano_45 Depois d Aecio e Anastasia foi a vez do futuro senador @itamarfranco conhecer material @jovensdeminas http://yfrog.com/ephxrj;0;0;21699880110;2010-08-20 22:26:07
397;Aécio, Anastasia e @itamarfranco visitaram, na tarde de hoje, Ubá e seguiram em carreata pelo centro da cidade  http://twitpic.com/2gl1gy;1;1;21698044338;2010-08-20 21:56:55
398;Na tarde de hoje, Aécio Neves, @prof_anastasia e @itamarfranco foram recebidos na cidade de Ubá por centenas de pe http://twitpic.com/2gl03i;4;1;21697752571;2010-08-20 21:52:09
399;"Assista ao Programa Eleitoral Gratuito de TV, de hoje, na seção ""Programa de TV"", no site do @itamarfranco http://bit.ly/c3jdQo";0;1;21692614725;2010-08-20 20:28:35
400;Escute agora o Programa Eleitoral Gratuito de rádio do candidato @itamarfranco de hoje http://migre.me/16jab #senador234;1;1;21691702733;2010-08-20 20:13:01
401;@itamarfranco ao lado de @prof_anastasia em entrevista coletiva na cidade de Ponte Nova http://twitpic.com/2gk4cl;0;0;21690896958;2010-08-20 19:59:20
402;Itamar Franco,Aécio Neves e Anastasia já estão em Ponte Nova para carreata no centro da cidade. #senador234;1;1;21689947524;2010-08-20 19:42:48
403;Itamar Franco, Aécio Neves e Anastasia já estão em Ubá para carreata e caminhada pela cidade mineira.;1;1;21686768373;2010-08-20 18:48:01
404;"""Itamar Franco é exemplo de vida limpa"", diz pref de Esmeraldas, Flávio Leroy. Confira a matéria em nosso site http://bit.ly/cYe0r9";3;0;21632024678;2010-08-20 03:17:01
405;@giovanicota @joaodub0c @sosmoralidade @osvaldoacastro @MrHnp @AlessandroFomm Conto com o apoio de todos vocês nessa campanha #senador234;3;0;21624647442;2010-08-20 01:27:21
406;@CaratingaRT @margarethmaia @joaopaulom @Aliine_DM  @a_torrecillas @LuziaFerreira23 Obrigado pelo apoio. Vamos em frente! #senador234;1;1;21624467989;2010-08-20 01:24:37
407;@Elder_Oliva @Flavio_h @Itamarmontalvao @Tom_brazil  Agradeço aos companheiros pelo apoio que tenho tido nessa campanha rumo ao senado;0;0;21624111866;2010-08-20 01:19:16
408;A campanha de @itamarfranco está percorrendo por Minas. Amanhã, às 16h, eu, Aécio e Anastasia participaremos de carreata em Ponte Nova/MG;2;0;21623812343;2010-08-20 01:14:43
409;"""@Itamarfranco é o alicerce de tudo de bom que aconteceu no país"", diz prefeito de Esmeraldas em reunião http://twitpic.com/2g9qxa";3;1;21608215097;2010-08-19 21:13:54
410;Em Esmeraldas, encontro com as crianças e lembro da nossa responsabilidade com o futuro http://twitpic.com/2g9hl2;0;1;21606043046;2010-08-19 20:37:46
411;Após passeio pelas ruas de Esmeraldas, parada para o cafézinho http://twitpic.com/2g9di5;1;1;21605171880;2010-08-19 20:22:49
412;@Itamarfranco caminha pelas ruas de Esmeraldas na companhia de apoiadores e lideranças políticas http://twitpic.com/2g98u4;1;0;21604170384;2010-08-19 20:05:18
413;Em Esmeraldas, @itamarfranco é recebido pelo prefeito da cidade Flávio Leroy, onde inaugura o comitê de campanha http://twitpic.com/2g979t;1;0;21603830029;2010-08-19 19:59:33
414;RT @avancaminas: @itamarfranco Vamos juntos por MG e pelo Brasil! Aécio 456, Itamar 234 Anastasia e Serra 45. Dê RT e participe da nossa ...;6;0;21582862596;2010-08-19 14:46:27
415;Atenção eleitores de Esmeralda! @itamarfranco estará hoje, às 16h, na Praça Central p/ inauguração do comitê eleitoral #senador234;2;1;21582230408;2010-08-19 14:38:17
416;@itamarfranco se encontra com populares na cidade mineira de Caratinga ao lado de @prof_anastasia e @aecioneves http://twitpic.com/2fyiol;5;0;21513419189;2010-08-18 19:15:01
417;"Assista ao 1º Programa Eleitoral Gratuito de TV, na seção ""Programa de TV"", no site do @itamarfranco http://bit.ly/c3jdQo";1;2;21510977264;2010-08-18 18:33:08
418;Ouça o Primeiro Programa Eleitoral Gratuito de rádio de @itamarfranco #senador234 http://migre.me/15HH7;2;2;21507645856;2010-08-18 17:38:29
419;"Itamar diz que é preciso ""libertar o Senado"" http://migre.me/15CQe via @portaluai";3;1;21488904271;2010-08-18 13:10:59
420;Participe da carreata e caminhada pela cidade de Caratinga, amanhã, às 13h, com @itamarfranco, @aecioneves e @prof_anastasia;0;1;21433897263;2010-08-17 21:19:45
421;Pesquisa é conhecer o coração das pessoas. O resto é só numero. #SenadordoBrasil;8;0;21351107086;2010-08-16 22:41:49
422;No Mercado Central, @aecioneves e @prof_anastasia dizem estar honrados por fazer parte da campanha de @itamarfranco http://migre.me/14Mmx;2;0;21171352325;2010-08-14 18:59:46
423;RT @joaopaulom Aécio Neves, @itamarfranco e #Anastasia gerando um verdadeiro tsunami de mineiridade no Mercadão de BH. Somos Minas Gerais!;3;0;21156895797;2010-08-14 15:17:26
424;Itamar, @aecioneves e @prof_anastasia brindam com café em um dos pontos mais tradicionais de BH http://twitpic.com/2eo50y;2;0;21154142304;2010-08-14 14:39:39
425;Parada obrigatória: Itamar, @aecioneves e @prof_anastasia passam na barraca das frutas no Mercado Central http://twitpic.com/2enzuj;0;0;21153062301;2010-08-14 14:24:04
426;Como bons mineiros, Itamar e @Aecioneves comem queijo e conversam com os amigos no Mercado Central http://twitpic.com/2ensuz;2;0;21151591168;2010-08-14 14:02:17
427;No Mercado Central, Itamar recebe o carinho da população http://twitpic.com/2enpdg;3;0;21150848440;2010-08-14 13:51:08
428;Itamar Franco chega ao Mercado Central de BH, é recebido com festa e reencontra com velhos amigos http://twitpic.com/2en6no;2;0;21147148091;2010-08-14 12:49:17
429;Amanhã, às 9h30, Itamar, @prof_anastasia e @aecioneves estarão num dos pontos mais tradicionais de BH, o Mercado Central. Esperamos vocês!;1;1;21104465948;2010-08-13 23:32:07
430;Acabei de votar no @tvoto para Senador 1. Vote você também http://migre.me/14DWN #tvoto;1;1;21103985602;2010-08-13 23:24:23
431;Vote Itamar Senador 234 aqui também http://ow.ly/2pt6y;1;0;21103784078;2010-08-13 23:21:06
432;Recebo o carinho da populacão de Pouso Alegre e Alfenas e anoto: precisamos cuidar melhor da cafeicultura e das pessoas que trabalham nela;1;0;21102160875;2010-08-13 22:54:36
433;Itamar Franco tbm está no Orkut entre em http://migre.me/14zAo e se torne amigo do candidato ao senado #Itamar234;3;0;21087245374;2010-08-13 18:50:36
434;Aproveitem para seguir as novidades da campanha de Itamar Franco no Facebook http://www.facebook.com/itamarfranco;2;0;21086989370;2010-08-13 18:46:23
435;Acessem o site do Itamar Franco. Estamos com novo visual! www.itamar2010.com.br;2;0;21086821933;2010-08-13 18:43:40
436;Itamar estará hoje às 13h em Pouso Alegre e às 15h em Alfenas para participar de carreata e caminhada pelo centro das duas cidades;2;0;21067281953;2010-08-13 14:17:02
437;Fico lisonjeado por suas palavras @andrekumaira;1;0;21063851814;2010-08-13 13:31:11
438;"RT @BOVAP: Maiores altas: @itamarfranco +54,54 a UVP 68,00; @celsorussomanno +27,77% a UVP 229,99; @SoninhaFrancine +14,03 a UVP 65,00.";5;0;21061833635;2010-08-13 13:01:43
439;Obrigado, @crisdomorro pelo apoio. Estamos juntos em prol da melhoria de vida da população das vilas e aglomerados de MG.;0;0;21012973549;2010-08-12 23:01:14
440;RT @crisdomorro: Itamar franco será o mais bem votado nas favelas mineiras;3;0;21012682022;2010-08-12 22:56:52
441;Lealdade, responsabilidade, ética, respeito às pessoas: esses são os valores d Minas q vamos levar p/ o Senado com Aécio #senadordoBrasil;3;1;20999061301;2010-08-12 19:15:40
442;@joaopaulom @voluntarios45MG @pps23 @giovanicota @Tatineiva @soutotostes Obrigado queridos seguidores pelo apoio na campanha p/ Senador;3;0;20998698029;2010-08-12 19:09:40
443;Discussão personalista sobre o #PlanoReal não interessa ao país. Interessa é fazer as reformas tributária e fiscal por mais #JustiçaSocial;7;0;20997196151;2010-08-12 18:44:52
444;RT @pps23: Em Minas Gerais, universitários se engajam na campanha de @itamarfranco ao Senado. http://migre.me/14gmU;5;0;20992067336;2010-08-12 17:22:48
445;@MiriamLeitaoCom: “A grande vitória contra a inflação foi conquistada no governo Itamar Franco” http://bit.ly/bl1hTi;4;0;20987105500;2010-08-12 16:12:51
446;"RT @BOVAP: Maiores altas: @anajuliapt13 +18,81% a UVP 12,00; @dilmabr +8,1% a UVP 200,00; @itamarfranco +7,31% a UVP 44,00.";2;0;20971805412;2010-08-12 12:40:51
447;Assista ao vídeo em que Itamar agradece o apoio do povo de Teófilo Otoni http://ow.ly/2op0L;3;0;20929629727;2010-08-12 00:25:03
448;Pesquisa CNT/Sensus: Aécio Neves 75,7% e Itamar Franco 44,5% http://ow.ly/2onAI;3;0;20923992353;2010-08-11 22:59:22
449;Hoje é dia de valorizar o jovem e pensar o futuro e a justiça do Brasil Parabéns aos estudantes e advogados. #DiadoEstudante #DiadoAdvogado;2;0;20923701629;2010-08-11 22:54:43
450;Chegamos a 1.300 seguidores. Obrigado a todos por nos apoiar. Abraço! Eq. Itamar;0;1;20916365864;2010-08-11 21:03:18
451;Teófilo Otoni faz grande festa para receber Itamar, @aecioneves e @prof_anastasia http://ow.ly/2okUd;0;1;20916274141;2010-08-11 21:01:51
452;Na Pça Tiradentes, Itamar Franco, ao lado de Aécio Cunha, pai de Aécio Neves, agradeceu o apoio do povo.     http://twitpic.com/2dsccn;1;1;20914203890;2010-08-11 20:28:43
453;Itamar Franco, @aecioneves e @prof_anastasia recebem camisa personalizada do América de Teófilo Otoni.  http://twitpic.com/2dsav8;2;1;20913833150;2010-08-11 20:22:39
454;Itamar Franco, Aécio Neves e @prof_anastasia passam em carreata pelas ruas de Teófilo Otoni.  http://twitpic.com/2drp01;4;1;20908737189;2010-08-11 19:01:20
455;RT @ThiagoNagib: O @itamarfranco é recebido em Teófilo Otoni pela prefeita Maria Jose.  #turmadochapeu http://twitpic.com/2draaz;1;0;20905780474;2010-08-11 18:12:35
456;Hoje, às 15h, eu, Aécio Neves e @prof_anastasia, estaremos no Vale do Mucuri, numa visita à cidade de Teófilo Otoni. Nos encontramos lá.;1;0;20895156844;2010-08-11 15:38:56
457;"RT @BOVAP: Maiores altas: @itamarfranco +66,66% a UVP 50,00; @joseserra_ +18,18% a UVP 260,00; @SoninhaFrancine +9,58% a UVP 80,00.";5;0;20830439547;2010-08-10 22:19:12
458;Em Varginha, Itamar confia o famoso topete ao mais tradicional cabeleireiro da cidade http://twitpic.com/2diag3;2;0;20829641686;2010-08-10 22:07:26
459;Siga o perfil de Itamar Franco no Facebook http://bit.ly/cuno8Y;4;2;20828694850;2010-08-10 21:53:27
460;Eleger Itamar Franco e Aécio Neves e @prof_anastasia é prioridade para a Coligação Somos Minas Gerais, diz Anastasia http://bit.ly/bp4eII;4;1;20826036454;2010-08-10 21:15:27
461;Entre no site http://www.itamar2010.com.br/ e veja as fotos tiradas durante as viagens em campanha de Itamar Franco Senador 234;0;1;20814098364;2010-08-10 18:05:25
462;Itamar Franco estará em Varginha, às 11h, para entrevista na afiliada da TV Globo no Sul de Minas.;4;0;20792069015;2010-08-10 12:52:38
463;Coloque a marca da campanha de Itamar Franco Senador 234 em sua foto do twitter http://bit.ly/dztEfB;1;0;20791253794;2010-08-10 12:39:15
464;"Triângulo Mineiro festeja a passagem dos candidatos da Coligação ""Somos Minas Gerais"" http://ow.ly/2neaY";1;0;20741419163;2010-08-09 22:21:26
465;RT @ gabrielazevedo @aecioneves, @odelmoleao, @prof_anastasia, @albertopcoelho_ e @itamarfranco em Uberlândia. http://migre.me/13wzh;0;0;20740885150;2010-08-09 22:11:41
466;Itamar Franco, Aécio Neves e Anastasia isso sim é que é Triângulo Mineiro http://twitpic.com/2d7e0l;4;1;20736654032;2010-08-09 21:00:54
467;@Anacosmeticos Seu apoio, mesmo que longe de Minas, me deixa muito emocionado. Obrigado por me ajudar nessa caminhada.;1;0;20736124236;2010-08-09 20:51:53
468;Itamar Franco é recebido com carinho nas ruas de Uberlândia http://twitpic.com/2d78o6;3;1;20735405901;2010-08-09 20:39:33
469;Alegria total por estar entre o povo de Uberlândia. http://twitpic.com/2d75gn;0;0;20734671424;2010-08-09 20:27:03
470;Itamar Franco @prof_anastasia e Aécio Neves seguem em carreata pelo centro de Uberlândia http://twitpic.com/2d72ah;1;0;20733944510;2010-08-09 20:14:16
471;Itamar Franco @prof_anastasia e Aécio Neves já estão em Uberlândia onde são recebidos por centenas de pessoas.;0;1;20732532069;2010-08-09 19:49:37
472;@joaopaulom @BenitoSalomao @DepMarcosMontes Obrigado pelo apoio nessa caminhada rumo ao senado.;0;0;20732386919;2010-08-09 19:47:04
473;Itamar Franco retomou o controle da Cemig para Minas Gerais http://bit.ly/dzyv5l;5;0;20731983671;2010-08-09 19:40:05
474;Faça parte da campanha de Itamar Franco Senador 234 http://twibbon.com/join/Itamar-Franco-Senador-234;1;1;20729844962;2010-08-09 19:02:28
475;Depois de uma parada no café e discurso de Aécio Neves os candidatos estão a caminho de Uberlândia http://twitpic.com/2d6cmz;0;1;20728164297;2010-08-09 18:32:23
476;Os 3 candidatos tomam um cafezinho em Uberaba durante parada no café central da cidade http://twitpic.com/2d68y0;0;1;20727359734;2010-08-09 18:18:11
477;Itamar @prof_anastasia e Aécio são recebidos por lideranças e populares em Uberaba. E seguem em caravana p/ caminhada pelo calçadão central;1;0;20726367009;2010-08-09 18:01:09
478;Agradeço muito seu voto de confiança em mim @genovevabrasil. Espero ser merecedor de seu apoio nessa caminhada ao senado.;0;0;20714685649;2010-08-09 15:05:11
479;"RT @BOVAP: Maiores altas: @itamarfranco +50,75% a UVP 30,00; @silva_marina +4,76% a UVP 110,00; @CiroFGomes +4,54% a UVP 23,00.";3;0;20707555428;2010-08-09 13:25:47
480;Estaremos hoje, às 14h, em Uberaba para carreata na Av. Santos Dumont, seguindo em caminhada pela R. Artur Machado. Esperamos vocês.;1;0;20705725609;2010-08-09 12:58:21
481;Acesse o site http://bit.ly/as1YWo e assista a msg de boas vindas q Itamar Franco deixou p/ os internautas http://ow.ly/2mRS0;4;0;20703641844;2010-08-09 12:24:39
482;Parabéns aos pais policiais-militares que põem a vida em risco atuando na  proteção dos direitos e liberdades fundamentais dos cidadãos;1;0;20625654988;2010-08-08 12:40:00
483;No Dia dos Pais, minha homenagem àqueles que, pelo exemplo de trabalho e honestidade, nos ajudam a fazer o Brasil melhor.;2;0;20625479614;2010-08-08 12:36:20
484;Populares reconhecem honestidade de Itamar Franco. Moderno é ser honesto. http://bit.ly/cVKvUr;9;0;20579418526;2010-08-07 21:33:57
485;Ações de Itamar Franco foram decisivas no combate à fome, segundo Dom Mauro Morelli http://ow.ly/2msWG;5;0;20578624350;2010-08-07 21:17:33
486;Acessem o nosso canal do @youtube e assistam aos vídeos da caminhada rumo ao senado http://bit.ly/95NZRL;3;1;20500233275;2010-08-06 21:33:58
487;"""Eu me orgulho em ter ao meu lado um homem de tamanha honra na política como Itamar Franco"", diz Aécio Neves em Ma http://twitpic.com/2c7i7i";2;1;20497590988;2010-08-06 20:46:39
488;RT @RodrigoCastro45: Agora, há pouco, caminhada em Mariana (MG), que se orgulhou em receber @ItamarFranco, @Prof_Anastasia e @AecioNeves;2;1;20497152291;2010-08-06 20:38:55
489;RT @isadorasabino: @itamarfranco visita Grupo Universitário de BH http://twitpic.com/2c70fj;2;0;20494272779;2010-08-06 19:47:44
490;Baixa audiência do debate dos presidenciáveis mostra desinteresse p/ política. Vamos lutar por candidaturas avulsas e #jovensnapolitica;7;0;20493741792;2010-08-06 19:38:35
491;Itamar Franco e Aécio Neves já estão em Mariana para a caminhada com a população pelo centro histórico da cidade. http://twitpic.com/2c6sds;2;1;20492473560;2010-08-06 19:16:48
492;Ouro Preto já está preparada para a chegada de Itamar Franco nos próximos minutos. http://twitpic.com/2c5wex;3;1;20485608149;2010-08-06 17:25:07
493;Itamar já está a caminho de Ouro Preto para caminhada pelo centro histórico, Café da Garapinha e Largo da Alegria, às 14hs.;4;0;20477577398;2010-08-06 15:30:12
494;Rodeado por jovens engajados na política, Itamar Franco, participa de café da manhã no PPS. http://twitpic.com/2c3vrh;3;0;20468199157;2010-08-06 13:24:29
495;Itamar tem agenda agitada hj em MG. Após café com Jovens do PPS, ele  participa de caminhadas às 14h em Ouro Preto e às 16h em Mariana;3;0;20465406741;2010-08-06 12:44:28
496;Nesta sexta-feira, Itamar Franco participa de café da manhã com Jovens do PPS, às 9h30, na rua Piauí 1.447, em Belo Horizonte. #agenda;3;1;20414764549;2010-08-05 20:34:10
497;Itamar Franco em gravação para Propaganda Eleitoral de TV. http://twitpic.com/2bvyjr;1;0;20407950096;2010-08-05 18:33:41
498;@Enidrocha @alexistepanenko @Japiassu @SomosMG @IcaroDemetrios @Elder_Oliva Agradeço a todos pelo apoio nessa caminhada.;2;0;20392105466;2010-08-05 14:33:51
499;Ouça o jingle da nossa campanha e baixe como toque de celular. Acesse em http://ow.ly/2lqD1;4;0;20388605313;2010-08-05 13:42:12
500;Itamar Franco está gravando o programa eleitoral de rádio com Acir Antão. http://twitpic.com/2bkbnx;2;0;20314743553;2010-08-04 16:02:43
501;Itamar Franco grava, neste momento, o programa eleitoral de TV. http://twitpic.com/2bk3vk;2;0;20312843503;2010-08-04 15:34:53
502;Emocionado recebo em MOC homenagem da Pastoral da Criança p/ combate à fome. Lembro de Betinho e D. Mauro Morelli http://twitpic.com/2bbyex;5;1;20247586900;2010-08-03 20:20:37
503;Eu apoiei a seleção na Copa de 94. E apoio q a abertura da Copa de 2014 seja em Belo Horizonte #abreacopamineirao http://twitpic.com/2bayhp;27;0;20239496555;2010-08-03 17:59:52
504;MOC aclama Itamar, Aécio e Anastasia no maior evento da campanha Mais de 80 prefeitos e 500 lideranças declaram apoio. Povo festeja nas ruas;4;0;20239224185;2010-08-03 17:55:04
505;RT @mjulia_n: Carreata com Itamar Franco, Aécio Neves e Antônio Anastasia passando aqui em frente. Fogos, sons e buzinas. Muitas buzinas.;1;0;20238391268;2010-08-03 17:40:55
506;Itamar Franco é recebido por lideranças em Montes Claros e segue para carreata no centro da cidade.  http://twitpic.com/2baoy9;2;0;20237318954;2010-08-03 17:23:25
507;@SylMenicucci Agradeço pelo seu apoio em minha campanha e espero continuar a merecer o seu respeito. Vamos juntos!;0;0;20226811078;2010-08-03 14:45:36
508;Itamar Franco já está no aeroporto de MOC de onde segue p/ o centro p/ a caminhada com Aécio Neves e Anastasia http://twitpic.com/2b97tx;8;0;20224705395;2010-08-03 14:15:14
509;Atingimos a marca de mil seguidores. Vamos em frente com toda vitalidade. A campanha esta só começando. Obrigado a todos. Equipe Itamar.;2;1;20169162299;2010-08-02 21:34:30
510;Em Juiz de Fora, sinto a força do povo. Um por todos, todos por um, assim seremos nós. http://twitpic.com/2b29ey;4;1;20168686867;2010-08-02 21:26:06
511;Portal Exame fala da nossa campanha na internet http://ow.ly/2jZsT;2;0;20166714675;2010-08-02 20:50:29
512;Itamar Franco reencontra amigos em Juiz de Fora e participa de carreata com Aécio Neves e Anastasia. http://twitpic.com/2b1lj8;6;0;20163403882;2010-08-02 19:50:49
513;Itamar Franco pôs fim a quase três décadas de hiperinflação http://ow.ly/2jV7C #planoreal;5;0;20158733032;2010-08-02 18:29:23
514;Reencontro com amigos queridos, hoje, às 16h, no Pró-Música, em Juiz de Fora. Espero você.;3;0;20155919929;2010-08-02 17:41:53
515;RT @Dandan_Itu_SWU: @itamarfranco Presidente Itamar, essa reforma fiscal deve ser pra ontem, vamos recolocar o Brasil no lugar, e ajudar ...;3;0;20059747913;2010-08-01 12:45:39
516;Em Santos Dumont, com 36 prefeitos da Zona Mata vejo a dificuldade deles para gerir suas cidades. Precisamos de uma reforma fiscal urgente.;2;0;20027347406;2010-08-01 00:11:39
517;Com Serra hj reafirmamos q caminharemos movidos pela ética, responsabilidade e respeito, os valores de Minas #SenadordoBrasil;9;0;19954248637;2010-07-31 01:18:27
518;No Senado, o que vai caber a Aécio e a mim não é nos satisfazermos com o que fomos. É cuidar do que devemos ser.IF. #SenadordoBrasil;3;0;19920334801;2010-07-30 16:03:09
519;Vox Populi aponta Aécio e Itamar como vencedores ao Senado http://bit.ly/aZHHvr;9;1;19907929691;2010-07-30 13:02:28
520;Acesse o site oficial de Itamar Franco e fique por dentro das últimas notícias do candidato. http://bit.ly/c3jdQo;4;0;19907437961;2010-07-30 12:54:10
521;“Aécio diz que seu projeto requer Anastasia e Itamar”. Aécio está certo: Minas sempre funcionou unida http://bit.ly/djlEhC #senadordoBrasil;8;0;19867917944;2010-07-30 00:34:30
522;@BlogdoBigus Vc está certo. Honestidade é o mínimo. E pode apostar q continuarei a defender as posições de MG com coerência como sempre fiz!;3;0;19830096544;2010-07-29 14:31:50
523;RT @PauloTAPaiva @itamarfranco Presidente Itamar a internet é seu principal veículo de comunicação com seu eleitores. Vá em frente.;2;0;19829890423;2010-07-29 14:29:03
524;Já está no ar o site oficial da campanha ao senado de Itamar Franco. Acessem: http://www.itamar2010.com.br/ #itamar234;4;0;19827047170;2010-07-29 13:48:52
525;Candidaturas Independentes. Temos q criar espaço para aqueles q não conseguem transpor as barreiras das ultrapassadas estruturas partidárias;7;0;19791875408;2010-07-29 02:45:33
526;Continuamos ou descontinuamos, eis a questão. Continuamos a honestidade e descontinuamos a corrupção. Boa noite a todos!;9;0;19702618986;2010-07-28 01:44:28
527;História do futuro: hj começa minha caminhada no Flickr. Veja em http://bit.ly/csQEEJ;2;0;19690446065;2010-07-27 22:21:22
528;Adicionem meu Perfil Oficial do Orkut http://migre.me/10i1B;14;4;19664090829;2010-07-27 15:13:48
529;Alguns dizem que são senadores desse ou daquele político. Ora, o Senado é do povo. Prefiro ser o senador do povo mineiro, #SenadordoBrasil;15;0;19622257845;2010-07-27 02:32:17
530;Pesquisa Datafolha mostra que estamos no rumo certo, com entusiasmo e energia. http://tinyurl.com/37mc3cn;7;0;19583213172;2010-07-26 15:48:46
531;Brasil precisa de Bolsa Familia com mais saude, educação e oportunidades de trabalho, diz estudo da FAO http://bit.ly/8Yskyo;3;0;19567964946;2010-07-26 11:59:57
532;"""O Brasil hj é um país em q as pessoas pensam no futuro"". Tudo começou com o Plano real http://bit.ly/9WidB5";17;1;19495295159;2010-07-25 13:14:33
533;Venho recebendo cumprimentos pelo meu caráter e meus princípios. Ter ética não é virtude, é obrigação. Ainda mais no serviço público. IF;11;1;19493812362;2010-07-25 12:46:02
534;Bom domingo a todos! Vamos manter essa campanha em alto nível respeitando o povo brasileiro.;3;0;19493739838;2010-07-25 12:44:37
535;@thiagofranco_mg O nosso sobrenome em comum já diz tudo: somos Franco e é isso que importa! Vamos juntos!;1;0;19441881429;2010-07-24 19:24:06
536;O bilhete que Tancredo me deixou quando me elegi para o Senado em 78 me estimula nessa nova caminhada. http://twitpic.com/28ac88;13;0;19439690063;2010-07-24 18:40:26
537;@joaodubc E vamos continuar acreditando, sempre. O apoio de meus conterrâneos, mesmo que em outros rincões, me deixa muito emocionado.;1;0;19437990932;2010-07-24 18:07:53
538;@CarlosaugustoBH Agradeço pelo seu apoio. Espero continuar a merecer o seu respeito e de seus familiares!;0;0;19434300233;2010-07-24 17:04:02
539;@Claudioneinunes Sucesso então para todos nós. A militância do PPS esta tendo um papel fundamental nessas eleições. Conte conosco!;0;0;19432704761;2010-07-24 16:38:17
540;@leomovelflu Saudações Leo. Para iniciarmos essa caminhada, conto com a participação de todos, inclusive de nossos fraternos vizinhos do RJ.;0;0;19432543679;2010-07-24 16:35:41
541;@marcelogfreire Marcelo, é importante fortalecer o Senado para o Brasil avançar.Aécio e eu temos compromisso com Minas e com o Brasil.;0;0;19375855057;2010-07-23 23:14:07
542;@CONFDUARTEPPS Junto com pessoas como você a caminhada será gratificante! Bj. Obrigado!;0;0;19359364201;2010-07-23 18:19:00
543;@florizano_ Mesmo estando em Brasília, conto com você para dar seguimento a essa corrente pela ética e modernidade. Obrigado pelo confiança!;0;0;19359214058;2010-07-23 18:16:10
544;@BenitoSalomao Agradeço ao amigo pelas palavras. Relembrar esse grande lider sempre nos traz muita emoção!;0;0;19359056381;2010-07-23 18:13:18
545;Militância do PPS será fundamental nessas eleições. Vamos caminhar juntos com entusiasmo e energia http://bit.ly/bqEXBF;5;0;19346541532;2010-07-23 15:11:41
546;Já disse tudo o que tinha a dizer sobre os genéricos. Isso é passado. Queremos discutir o futuro e como melhorar o atendimento do SUS.;7;0;19279868925;2010-07-22 19:58:46
547;Confiram o Canal Oficial de Itamar Franco no Youtube com vídeos exclusivos do candidato http://bit.ly/95NZRL;5;0;19279294257;2010-07-22 19:48:30
548;Encontro com lideranças mineiras do PPS, às 17h30 de hoje, na sede do partido. Av. Afonso Pena, 2793. Conto com vocês.;2;0;19274410028;2010-07-22 18:23:12
549;Taxistas de BH apoiam Itamar Franco . Assista ao vídeo http://youtu.be/mm9NprAMv6k;4;0;19265987103;2010-07-22 16:11:26
550;@BenitoSalomao E é um orgulho para mim saber que posso inspirar jovens a vestir essa mesma camisa, da ética e da honestidade! Vamos Juntos!;1;0;19251213820;2010-07-22 12:37:57
551;RT @BenitoSalomao: @itamarfranco gostaria de dizer que é um orgulho para um jovem poder votar e apoiar o senhor, visto a camisa da hones ...;2;0;19251152927;2010-07-22 12:36:55
552;@brunbg Você tem razão. É preciso cuidar melhor das nossas estradas. Parabéns pela iniciativa. Vamos aderir a causa e seguir o @sos381;0;0;19217850505;2010-07-22 01:55:44
553;Presidenciáveis discutindo genéricos me trazem saudades de Jamil Haddad, amigo e guerreiro que criou o Decreto 793, em 5/04/93.;99;2;19115133923;2010-07-21 23:50:39
554;RT @osvaldoacastro: Dr. Jamil Haddad, verdadeiro empreendedor dos genéricos no Brasil, era ministro de @itamarfranco.;19;0;19096916689;2010-07-21 18:37:30
555;@BruceAir Ivan, também sou novo no twitter, obrigado pelos seus elogios. O Rio de Janeiro também mora no meu coração. IF;0;1;19096743484;2010-07-21 18:34:28
556;Meus amigos taxistas podem ter certeza que lutaremos para resolver o problema da licitação das placas, que tanto preocupa a categoria! IF;2;1;19093616598;2010-07-21 17:42:28
557;Nosso passado de lutas e de ética é reconhecido pelos trabalhadores mineiros e brasileiros. Essa é a maior homenagem a um homem público!;2;0;19093512351;2010-07-21 17:40:46
558;Como presidente, fiz a lei 8.843/94, que isentou o táxi do IPI. Como governador de Minas, assinei o dec. 41861/2001 que cortou o ICMS.;6;1;19093426404;2010-07-21 17:39:24
559;Fui recebido com muito carinho no encontro dos taxistas com Anastasia e Aécio. Recebi muitos cumprimentos pelo que fizemos pela categoria.;3;1;19093304272;2010-07-21 17:37:25
560;"RT @BOVAP: Maiores altas: @HelioCosta15 +73,91% a UVP 40,00; @itamarfranco +46,55% a UVP 191,99; @Sen_Cristovam +43,95% a UVP 61,90.";3;0;19076777993;2010-07-21 13:36:32
561;Mudança de agenda: estaremos hoje com Aécio e Anastasia, às 11H30min, em encontro com taxistas. Vejo vocês na Rua Gonçalves Dias 151.;0;0;19076350178;2010-07-21 13:30:14
562;Itamar Franco se reuniu ontem, em BH, com executiva do PPS e recebeu apoio de universitários. Assista ao vídeo: http://migre.me/YRrv;2;0;19070650853;2010-07-21 11:55:27
563;Precisamos elevar a qualidade do debate e colocar em pauta temas de interesse da população, como as reformas fiscal, política e tributária.;11;1;19018986679;2010-07-20 20:04:30
564;RT @PPSMinas: Campanha de Itamar ganha apoio da Juventude de Belo Horizonte. http://migre.me/YI0K;7;0;19018439080;2010-07-20 19:54:39
565;Fui recebido por cerca de cem jovens do PPS. Foi uma grande emoção! Os estudantes acreditam nas nossas propostas e vão à luta conosco.;5;0;19018403663;2010-07-20 19:54:00
566;Moderno é ser honesto! http://twitpic.com/271dzt;19;0;19000918639;2010-07-20 15:14:51
567;O Fernando Gallo, da Folha S.Paulo, está fazendo reportagem sobre o meu twitter. Esclarecendo: este é o meu perfil oficial.;1;0;18998211686;2010-07-20 14:38:05
568;"@cristilobo Verifique o decreto 793, de 5Abr93, Art 9: obriga farmácias a dispor de lista de ""medicamentos de denominações genéricas""";3;0;18997779136;2010-07-20 14:32:05
569;"RT @cristilobo: Itamar Franco fala sobre o twitter:  Veja : http://www.youtube.com/watch?v=3nmlcMb6TMM  E deixa mensagem ""moderno é ser  ...";29;0;18996936799;2010-07-20 14:20:24
570;RT @gabrielazevedo: O @itamarfranco envia um recado para os seguidores no Twitter. http://migre.me/YzF5 Mais FRANCO, impossível!;5;0;18993087982;2010-07-20 13:25:19
571;Moderno é ser honesto. http://www.youtube.com/watch?v=3nmlcMb6TMM;10;0;18986945206;2010-07-20 11:42:45
572;Muitas vezes quem posta são pessoas da minha confiança. Mas só postam depois de me consultar. Mas de vez em quando eu tb gosto de twittar.;8;0;18944757727;2010-07-19 21:31:34
573;Algumas pessoas falam que não sou eu quem posta as minhas mensagens no twitter. E elas estão certas...;8;0;18944142168;2010-07-19 21:20:14
574;RT @marcelogfreire: Adicionei um vídeo como favorito do YouTube -- 3a1- Itamar Franco (parte 1) http://youtu.be/7SrtVIX-IQg?a;1;0;18942156811;2010-07-19 20:41:18
575;@milatelcontar A cópia da declaração completa já foi entregue;0;0;18940789773;2010-07-19 20:10:39
576;@andrellacerda Obrigado pela saudação! Um abraço!;0;0;18920466358;2010-07-19 14:38:08
577;RT @Junqueira_neto: @Itamarfranco @aecioneves @Prof_Anastasia Boa sorte! Minas tem orgulho de políticos como vocês, podem contar comigo! ...;1;0;18920427093;2010-07-19 14:37:34
578;RT @BOVAP: Maior alta: @itamarfranco +42,64% a UVP 162,59.;3;0;18920344116;2010-07-19 14:36:23
579;RT @LuziaFerreira23: Minas está com @AecioNeves, @Prof_Anastasia e @ItamarFranco Hoje, no Ginásio do Mackenzie, está sendo dada a largad ...;3;0;18804047439;2010-07-18 01:18:07
580;RT @LuziaFerreira23: Minas está com @AecioNeves, @Prof_Anastasia e @ItamarFranco Hoje, no Ginásio do Mackenzie, está sendo dada a largad ...;3;0;18804047439;2010-07-18 01:18:07
581;Agradeço a todos que tem contribuído para a nossa caminhada. Obrigado pelas mensagens de otimismo!;6;0;18760892582;2010-07-17 11:45:15
582;RT @BOVAP: 17h26 - Mineiros em alta: @HelioCosta15 +39,13% a UVP 32,00 e @itamarfranco +42,65% a UVP 162,59.;2;0;18760822554;2010-07-17 11:43:36
583;RT @pbg80: Sigam @itamarfranco Um homem que em 2 anos fez muito mais pelo Brasil do que LULA e FHC JUNTOS fizeram em 16. Boa Sorte Presi ...;6;0;18760787158;2010-07-17 11:42:45
584;RT @freire_roberto: O mesmo blog q acertou o crescimento da pesq. eleitoral, está com novidades sobre o assunto. Vale acessar http://bit ...;7;0;18699629077;2010-07-16 16:40:41
585;@juscelino45 Já solicitamos ao Twitter a verificação de perfil e estamos aguardando. Esse @lopes_cancado não sabe o que diz!;4;0;18678875912;2010-07-16 11:41:38
586;@lopes_cancado Esse é o Oficial, ok! Um abraço! IF;0;0;18649589894;2010-07-16 02:06:08
587;@flapinheiro Agradeço pela referência. Espero estar sempre à altura do elogio!;3;0;18649533980;2010-07-16 02:05:17
588;RT @flapinheiro: @itamarfranco Grande Itamar Franco! Reserva moral da política brasileira! O Ministério Público é seu admirador. Boa sor ...;4;0;18649466152;2010-07-16 02:04:15
589;@DeivsonEduardo Obrigado pela saudação e confiança. Somos todos nós orgulhosos por sermos mineiros!;2;0;18649437904;2010-07-16 02:03:49
590;RT @DeivsonEduardo: @itamarfranco O Sr. é o meu orgulho de ser mineiro, Minas prescisa do senhor.;4;0;18649354667;2010-07-16 02:02:36
591;RT @Adrianogomes_: Olha o nosso Presdiente do Real aí, gente @itamarfranco , Candidato a Senador pelo PPS de Minas Gerais. Sucesso!!;5;0;18649284104;2010-07-16 02:01:33
592;@Adrianogomes_  Obriagado pela saudação!!! Estamos Juntos!;3;0;18649266497;2010-07-16 02:01:17
593;RT @Betto2: Vou seguir o @itamarfranco o verdadeiro PAI DO REAL.. Gente boa!;3;0;18649208119;2010-07-16 02:00:27
594;RT @ogovoni: @itamarfranco Parabéns pela escolha do Twiiter! Seja bem vindo! Vc é o pai do Real, sua criança agora é adolescente, heim?? ...;6;0;18649139699;2010-07-16 01:59:30
595;RT @juscelino45: Bom vê-lo por aqui, presidente @itamarfranco. Estamos juntos pela sua eleição.;1;0;18649037219;2010-07-16 01:57:56
596;@marcosbau Ocorre que o Oficial foi iniciado a apenas 48 horas. Estamos informando a todos. Obrigado pela informação!;1;0;18649017055;2010-07-16 01:57:37
597;@lucasfalvarenga o twitter oficial é este;0;0;18648682389;2010-07-16 01:52:28
598;RT @Prof_Anastasia: Amanhã é o Dia de Minas. Criado por lei sancionada pelo Gov. Francelino Pereira em 1979, Mariana volta a ser a nossa ...;25;0;18648542179;2010-07-16 01:50:17
599;Aprovados na Assembléia Legislativa MG Proposta de Emenda à Constituição do Estado (PEC 59/10) e o Projeto de Lei Complementar (PLC 61/10).;0;0;18620118963;2010-07-15 17:53:17
600;@SauloCarvalho_ Um abraço Saulo. Obrigado pela saudação e indicação!;0;0;18616222503;2010-07-15 16:52:12
601;Solicitando ao Twitter o reconhecimento com o certificado de verificação;5;1;18616093233;2010-07-15 16:50:16
602;@PPSMinas O Twitter Oficial é este. Por favor, repassem aos demais membros;6;0;18615853855;2010-07-15 16:46:41
603;@folha_com O twitter Oficial é este e não o citado na matéria.;3;0;18608947678;2010-07-15 15:08:00
604;@cristilobo O twitter Oficial é este e não o que vc citou.;8;3;18608870152;2010-07-15 15:06:53
605;@FlavinhaAleixo O twitter Oficial é este. O que vc está seguindo não sei quem fez!;3;0;18608605949;2010-07-15 15:03:08
606;@Micoski Agradeço pela saudação e homenagem!;0;0;18602891824;2010-07-15 13:43:09
607;RT @freire_roberto: Atitude inconcebível, @VeraLuciaDutra dirigente da Receita Federal.Sabe os nomes dos criminosos e não revela:só depo ...;16;0;18602391017;2010-07-15 13:35:47
608;RT @DickHamer_: Humorista Marcelo Madureira, do Casseta e Planeta, afirma que o PT censura e faz ameaças bem ao estilo mafioso. (VÍDEO)  ...;15;0;18602317709;2010-07-15 13:34:43
609;RT @Prof_Anastasia: Saudação ao nosso futuro Senador @itamar_franco, que entrou no twitter. Fica a indicação para vocês!;32;0;18547041576;2010-07-14 20:40:11
610;"RT @BOVAP: Maiores altas: @silva_marina +58,78% a UVP 235,00; Itamar Franco +43,96% a UVP 93,58; @paulo_skaf +7,14% a UVP 75,00.";2;0;18524962352;2010-07-14 14:52:33
611;@DickHamer_ Agradeço a gentileza e pela ótima intenção em preservar o perfil. Estamos juntos!;0;0;18524438538;2010-07-14 14:45:16
612;@JuniorGeloso Obrigado pela referência elogiosa!;1;0;18475481090;2010-07-13 23:46:13
613;@Prof_Anastasia  Inaugurando o meu novo Twitter seguindo você! Um abraço!;0;0;18474607575;2010-07-13 23:31:03
614;@aecioPSDB Inaugurando o meu novo Twitter seguindo você! Um abraço!;0;0;18474118961;2010-07-13 23:22:54
615;Ninguém nivelará as montanhas de Minas!;3;0;18473735444;2010-07-13 23:16:30
